# Province adjacency. Generated by tools/import_natural_earth.py; one row per pair, a < b.
# a;b;border;crossing;navigable
# - border:    shared border length in map pixels (0 = linked only by a navigable river mouth)
# - crossing:  river running along this border; armies attacking across it are penalised
# - navigable: navigable river connecting the two provinces; small ships can sail between them
a;b;border;crossing;navigable
1;4;204;;
1;5;249;;
1;6;16;;
1;9;43;;
1;11;95;;
1;12;20;;
1;16;56;;
1;17;16;;
1;18;22;;
1;19;8;;
1;20;29;;
1;21;24;;
1;22;15;;
1;23;11;;
1;27;20;;
1;28;76;;
1;29;27;;
1;41;129;;
1;42;140;;
1;43;71;;
1;45;17;;
1;46;49;;
1;47;28;;
1;48;20;;
1;50;37;;
1;52;124;;
1;53;84;;
1;54;1;;
1;55;4;;
1;64;6;;
1;77;88;;
1;78;60;;Orange
1;80;9;;
1;82;13;;
1;84;21;;
1;85;7;;
1;86;19;;
1;97;173;;
1;118;21;;
1;134;17;;
1;138;10;;
1;141;349;;
1;142;62;;
1;143;351;;
1;144;88;;
1;146;100;;
1;147;100;;
1;151;21;;
1;152;20;;
1;153;43;;
1;154;23;;
1;155;510;;
1;173;28;;
1;174;13;;
1;178;10;;
1;179;19;;
1;189;139;;
1;190;42;;
1;193;9;;
1;201;94;;
1;211;8;;
1;212;11;;
1;214;49;;
1;234;109;;
1;235;99;;
1;236;98;;
1;241;50;;
1;242;22;;
1;275;51;;
1;276;1;;
1;278;2;;
1;283;4;;
1;293;26;;
1;295;24;;
1;304;25;;
1;309;10;;
1;312;9;;
1;313;46;;
1;325;18;;
1;326;8;;
1;327;93;;
1;328;19;;
1;334;23;;
1;335;86;;
1;363;3;;
1;365;2;;
1;366;42;;
1;379;10;;
1;380;10;;
1;387;485;;
1;388;117;;
1;389;63;;
1;393;92;;
1;394;31;;
1;395;36;;
1;396;14;;
1;398;97;;
1;402;13;;
1;407;138;;
1;424;2;;
1;428;35;;
1;429;6;;
1;430;19;;
1;431;32;;
1;438;28;;
1;439;25;;
1;440;132;;
1;447;31;;
1;448;13;;
1;450;11;;
1;461;41;;
1;462;29;;
1;463;5;;
1;466;15;;
1;467;39;;
1;471;42;;
1;478;24;;
1;479;35;;
1;480;32;;
1;482;11;;
1;483;12;;
1;484;28;;
1;485;10;;
1;487;2;;
1;490;17;;
1;491;38;;
1;492;20;;
1;495;18;;
1;496;14;;Shatt al-Arab
1;498;3;;
1;501;407;;
1;502;6;;
1;503;23;;
1;504;149;;
1;505;9;;
1;506;175;;
1;510;9;;
1;511;4;;
1;515;40;;
1;524;106;;
1;525;62;;
1;527;4;;
1;528;5;;
1;529;11;;
1;535;6;;
1;536;22;;
1;538;58;;
1;555;2;;
1;556;4;;
1;557;18;;
1;558;5;;
1;563;1;;
1;564;36;;
1;581;7;;
1;582;7;;
1;583;38;;
1;585;60;;
1;589;19;;
1;590;6;;
1;592;40;;
1;593;40;;
1;597;8;;
1;598;14;;
1;617;35;;
1;618;103;;
1;619;21;;
1;621;3;;
1;651;13;;
1;657;26;;
1;658;5;;
1;675;73;;Oder
1;676;111;;
1;684;20;;
1;685;14;;
1;694;58;;
1;697;4;;
1;699;10;;
1;718;54;;Dniester
1;719;28;;Chilia branch
1;736;35;;
1;747;16;;Don
1;748;22;;
1;762;50;;
1;775;806;;Amur
1;776;245;;
1;777;2;;
1;778;60;;
1;781;186;;
1;782;25;;
1;806;27;;
1;808;18;;
1;816;39;;Shatt al-Arab
1;817;7;;
1;818;8;;
1;819;11;;
1;843;58;;
1;844;183;;
1;845;33;;
1;846;15;;
1;847;5;;
1;848;25;;
1;849;13;;
1;873;13;;
1;874;13;;
1;876;21;;
1;877;33;;
1;878;18;;
1;879;15;;
1;881;29;;
1;883;122;;
1;888;177;;
1;939;16;;
1;948;36;;
1;959;28;;
1;961;7;;
1;982;10;;
1;983;11;;
1;987;31;;
1;988;10;;
1;1010;40;;
1;1012;7;;
1;1019;16;;
1;1020;12;;
1;1028;37;;
1;1033;41;;
1;1034;17;;
1;1041;20;;
1;1042;67;;
1;1043;13;;
1;1045;33;;
1;1046;226;;
1;1047;1107;;Fraser
1;1053;180;;
1;1055;269;;
1;1059;56;;
1;1060;1448;;La Grande
1;1062;8;;
1;1063;147;;
1;1064;171;;
1;1066;203;;
1;1067;284;;
1;1068;385;;Klamath
1;1071;133;;
1;1073;70;;Grande
1;1078;12;;
1;1079;145;;
1;1080;90;;
1;1081;34;;Usumacinta
1;1082;63;;
1;1083;4;;
1;1087;34;;
1;1088;16;;
1;1089;18;;
1;1090;12;;
1;1094;14;;
1;1095;40;;San Juan
1;1096;95;;
1;1097;32;;
1;1098;89;;
1;1099;19;;
1;1100;31;;
1;1101;34;;
1;1102;66;;
1;1116;20;;
1;1117;16;;
1;1118;68;;
1;1128;72;;
1;1131;59;;
1;1134;37;;
1;1135;33;;
1;1136;21;;
1;1138;9;;
1;1139;20;;
1;1140;53;;Bío Bío
1;1141;22;;
1;1142;187;;
1;1143;238;;
1;1144;101;;
1;1145;656;;
1;1146;247;;
1;1147;1702;;
1;1148;148;;
1;1149;121;;
1;1150;83;;
1;1158;80;;Vistula
1;1159;518;;
1;1160;37;;
1;1161;90;;
1;1162;137;;
1;1163;340;;
1;1165;2;;
1;1172;14;;
1;1176;52;;
1;1185;121;;
1;1200;30;;Ural
1;1202;141;;Volga
1;1204;99;;
1;1205;1;;
1;1207;1;;
1;1208;34;;
1;1212;9;;
1;1213;1;;
1;1214;17;;
1;1216;20;;
1;1219;91;;
1;1220;112;;
1;1221;61;;
1;1222;50;;
1;1226;8;;
1;1227;57;;
1;1241;188;;
1;1244;1;;
1;1247;49;;
1;1248;66;;
1;1250;6;;
1;1251;13;;
1;1253;26;;
1;1266;40;;
1;1267;223;;
1;1268;72;;
1;1273;8;;
1;1274;17;;
1;1275;56;;
1;1276;81;;
1;1281;30;;
1;1284;33;;
1;1288;46;;
1;1290;3;;
1;1291;60;;Senegal
1;1302;74;;
1;1303;91;;
1;1313;33;;
1;1314;45;;
1;1320;29;;
1;1330;13;;
1;1331;11;;
1;1361;5;;
1;1377;81;;Zambezi
1;1397;144;;
1;1398;103;;
1;1403;25;;
1;1410;44;;Indus
1;1411;190;;
1;1412;4596;;Stikine
1;1413;101;;
1;1417;245;;
1;1422;21;;
1;1424;32;;
1;1425;25;;
1;1428;17;;
1;1429;16;;
1;1434;173;;
1;1435;64;;
1;1444;53;;
1;1447;0;;San Juan
1;1451;21;;
1;1455;4;;
1;1463;4;;
1;1464;15;;
1;1465;27;;
1;1466;35;;
1;1467;6;;
1;1468;6;;
1;1474;17;;
1;1475;23;;
1;1476;34;;
1;1477;61;;
1;1488;9;;
1;1491;22;;
1;1492;22;;
1;1493;209;;Negro
1;1494;119;;
1;1495;15;;
1;1496;97;;
1;1497;70;;
1;1498;21;;
1;1499;26;;
1;1500;43;;
1;1501;31;;São Francisco
1;1502;173;;
1;1503;82;;
1;1504;119;;
1;1505;105;;
1;1506;23;;
1;1507;12;;
1;1508;25;;
1;1514;89;;
1;1515;1306;;Swan
1;1516;623;;
1;1517;58;;
1;1518;51;;
1;1519;105;;
1;1520;77;;
1;1521;59;;
1;1522;62;;
1;1523;47;;
1;1524;30;;
1;1525;37;;
1;1526;35;;
1;1527;97;;
1;1528;59;;
1;1529;87;;
1;1530;579;;
1;1531;869;;Mitchell
1;1532;237;;
1;1533;265;;
1;1534;34;;
1;1535;48;;
1;1536;60;;
1;1537;203;;
1;1538;103;;
1;1539;63;;Zambezi
1;1540;102;;
1;1541;45;;
1;1542;65;;
1;1543;16;;
1;1544;226;;
1;1545;480;;
1;1546;214;;
1;1547;171;;
1;1548;93;;
1;1549;120;;
1;1550;58;;
1;1551;19;;
1;1552;259;;
1;1553;483;;
1;1554;38;;
1;1555;404;;
1;1556;398;;
1;1557;96;;
1;1558;44;;
1;1559;79;;
1;1560;93;;
1;1561;57;;
1;1562;174;;
1;1563;86;;
1;1564;60;;
1;1565;187;;
1;1566;107;;
1;1567;79;;
1;1568;129;;
1;1569;68;;
1;1570;19;;
1;1571;13;;
1;1572;85;;
1;1573;57;;
1;1574;50;;
1;1575;23;;
1;1576;39;;
1;1577;45;;
1;1578;28;;
1;1579;29;;
1;1580;53;;
1;1581;26;;
1;1582;74;;
1;1583;16;;
1;1584;28;;
1;1585;38;;
1;1586;76;;
1;1587;110;;
1;1588;89;;
1;1589;166;;
1;1590;208;;
1;1591;215;;
1;1592;5;;
1;1593;103;;
1;1594;102;;
1;1595;1;;
1;1596;65;;
1;1597;34;;
1;1598;191;;
1;1599;8;;
1;1600;53;;
1;1601;43;;
1;1602;12;;
1;1603;20;;
1;1604;11;;
1;1605;24;;
1;1606;12;;
1;1607;45;;
1;1608;24;;
1;1609;23;;
1;1610;16;;
1;1611;16;;
1;1612;27;;
1;1613;39;;
1;1614;9;;
1;1615;7;;
1;1616;50;;
1;1617;15;;
1;1618;10;;
1;1619;37;;
1;1620;15;;
1;1621;24;;
1;1622;7;;
1;1623;12;;
1;1624;9;;
1;1625;21;;
1;1626;18;;
1;1627;16;;
1;1628;2;;
1;1629;11;;
1;1630;21;;
1;1631;4;;
1;1632;94;;
1;1633;28;;
1;1634;4;;
1;1635;36;;
1;1636;21;;
1;1637;40;;
1;1638;36;;
1;1639;24;;
1;1640;12;;
1;1641;15;;
1;1642;16;;
1;1643;44;;Magdalena
1;1644;12;;
1;1645;6;;
1;1646;116;;
1;1647;1;;
1;1648;12;;
1;1649;10;;
1;1650;37;;
1;1651;21;;
1;1652;56;;
1;1653;7;;
1;1654;18;;
1;1656;9;;
1;1657;17;;
1;1658;15;;
1;1659;15;;
1;1660;14;;
1;1661;173;;Godavari
1;1662;54;;
1;1663;16;;
1;1664;21;;Niger
1;1665;37;;Niger
1;1666;16;;
1;1667;20;;
1;1668;20;;
1;1669;74;;
1;1670;40;;
1;1671;23;;
1;1672;54;;
1;1673;40;;
1;1674;19;;
1;1675;15;;
1;1676;11;;
1;1677;14;;
1;1678;38;;
1;1679;13;;
1;1680;8;;
1;1681;14;;
1;1682;37;;
1;1683;10;;
1;1684;23;;
1;1685;8;;
1;1686;26;;
1;1687;16;;
1;1688;13;;
1;1689;19;;
1;1690;12;;
1;1691;19;;
1;1692;15;;
1;1693;13;;
1;1694;18;;
1;1695;26;;
1;1696;14;;
1;1697;24;;
1;1698;48;;
1;1699;24;;
1;1700;13;;
1;1701;11;;
1;1702;9;;
1;1703;38;;
1;1704;8;;
1;1705;5;;
1;1706;60;;
1;1707;21;;
1;1708;9;;
1;1709;1;;
1;1710;6;;
1;1711;6;;
1;1712;6;;
1;1713;27;;
1;1714;9;;
1;1715;19;;
1;1716;23;;
1;1717;10;;
1;1718;41;;
1;1719;26;;
1;1720;22;;Volta
1;1721;11;;
1;1722;17;;
1;1723;33;;
1;1724;107;;
1;1725;24;;
1;1726;65;;
1;1727;18;;
1;1728;40;;
1;1729;37;;
1;1730;6;;
1;1731;19;;
1;1732;21;;
1;1733;25;;
1;1734;12;;
1;1735;20;;
1;1736;44;;
1;1737;26;;
1;1738;134;;
1;1739;40;;
1;1740;16;;
1;1741;4;;
1;1742;12;;
1;1743;123;;
1;1744;385;;
1;1745;11;;
1;1746;50;;
1;1747;50;;
1;1748;29;;
1;1749;97;;
1;1750;121;;
1;1751;38;;
1;1752;133;;
1;1753;52;;
1;1754;23;;
1;1755;37;;
1;1756;50;;
1;1757;33;;
1;1758;86;;
1;1759;9;;
1;1760;30;;
1;1761;14;;
1;1762;10;;
1;1763;16;;
1;1764;15;;
1;1765;15;;
1;1766;7;;
1;1767;9;;
1;1768;9;;
1;1769;18;;
1;1770;10;;
1;1771;9;;
1;1772;19;;
1;1773;21;;
1;1774;25;;
1;1775;12;;
1;1776;23;;
1;1777;128;;
1;1778;208;;Mississippi
1;1779;27;;
1;1780;31;;
1;1781;402;;
1;1782;38;;
1;1783;66;;Santee
1;1784;134;;
1;1785;89;;
1;1786;88;;
1;1787;22;;
1;1788;58;;
1;1789;41;;
1;1790;21;;
1;1791;50;;
1;1792;35;;
1;1793;45;;
1;1794;30;;
1;1795;28;;
1;1796;15;;
1;1797;27;;
1;1798;68;;
1;1799;168;;
1;1800;50;;
1;1801;37;;
1;1802;87;;
1;1803;94;;
1;1804;12;;
1;1805;4;;
1;1806;16;;
1;1807;11;;
1;1808;10;;
1;1809;7;;
1;1810;1;;
1;1811;14;;
1;1812;17;;
1;1813;7;;
1;1814;13;;
1;1815;25;;
1;1816;7;;
1;1817;131;;
1;1818;13;;
1;1819;95;;
1;1820;154;;
1;1821;89;;
1;1822;190;;
1;1823;10;;Damietta Branch
1;1824;1;;
1;1825;20;;
1;1826;13;;Damietta Branch
1;1827;33;;
1;1828;17;;Rosetta Branch
1;1829;13;;
1;1830;31;;
1;1831;9;;
1;1832;17;;
1;1833;34;;
1;1834;34;;
1;1835;28;;
1;1836;20;;
1;1837;92;;
1;1838;53;;
1;1839;37;;
1;1840;19;;
1;1841;24;;
1;1842;48;;
1;1843;50;;
1;1844;45;;
1;1845;30;;
1;1846;60;;
1;1847;20;;
1;1848;34;;
1;1849;17;;
1;1850;30;;
1;1851;48;;
1;1852;33;;
1;1853;71;;
1;1854;14;;
1;1855;35;;
1;1856;89;;
1;1857;38;;
1;1858;35;;
1;1859;22;;
1;1860;28;;
1;1861;53;;
1;1862;4;;
1;1863;17;;
1;1864;54;;
1;1865;20;;
1;1866;48;;
1;1867;33;;
1;1868;12;;
1;1869;29;;
1;1870;30;;
1;1871;90;;
1;1872;17385;;Thelon
1;1873;1282;;
1;1874;431;;
1;1875;412;;
1;1876;94;;
1;1877;25;;
1;1878;87;;
1;1879;26;;
1;1880;9;;
1;1881;30;;
1;1882;26;;
1;1883;19;;
1;1884;16;;
1;1885;41;;
1;1886;8;;
1;1887;13;;
1;1888;70;;
1;1889;26;;
1;1890;48;;
1;1891;16;;
1;1892;16;;
1;1893;27;;
1;1894;28;;
1;1895;11;;
1;1896;3;;
1;1897;13;;
1;1898;18;;
1;1899;51;;
1;1900;13;;
1;1903;11;;
1;1904;10;;
1;1906;32;;
1;1907;17;;
1;1908;19;;
1;1909;22;;
1;1910;18;;
1;1912;19;;
1;1913;11;;
1;1914;5;;
1;1915;238;;Yellow
1;1916;58;;
1;1917;14;;
1;1918;24;;
1;1919;48;;
1;1920;12;;
1;1921;79;;
1;1922;45;;
1;1923;31;;
1;1924;50;;
1;1925;531;;
1;1926;1;;
1;1927;100;;
1;1928;19;;
1;1929;45;;
1;1930;129;;Godavari
1;1931;155;;
1;1932;662;;
1;1933;13;;
1;1934;25;;
1;1936;26;;
1;1937;47;;
1;1938;40;;
1;1940;19;;
1;1941;34;;
1;1942;34;;
1;1943;17;;
1;1944;10;;
1;1945;4;;
1;1946;18;;
1;1947;44;;
1;1948;21;;
1;1949;16;;
1;1950;56;;
1;1951;29;;
1;1952;59;;
1;1954;5;;
1;1955;12;;
1;1956;20;;
1;1957;20;;
1;1959;31;;
1;1960;32;;
1;1961;17;;
1;1962;20;;
1;1963;40;;Thames
1;1964;20;;
1;1965;14;;
1;1966;18;;
1;1967;25;;
1;1968;46;;
1;1969;59;;
1;1970;16;;
1;1971;19;;
1;1972;32;;
1;1973;18;;
1;1974;50;;
1;1975;7;;
1;1976;9;;
1;1977;20;;
1;1978;16;;
1;1979;122;;
1;1980;202;;
1;1981;18;;
1;1982;44;;
1;1983;11;;
1;1985;24;;
1;1986;1621;;
1;1987;122;;
1;1988;87;;
1;1989;30;;
1;1990;100;;
1;1991;195;;
1;1992;73;;
1;1993;123;;
1;1994;955;;
1;1995;866;;
1;1996;2947;;
1;1997;3803;;
1;1998;10;;
1;1999;30;;
1;2000;9;;
1;2001;13;;
1;2002;17;;
1;2003;28;;
1;2004;39;;
1;2005;21;;
1;2006;32;;Neva
1;2007;82;;
1;2008;93;;
1;2009;23;;
1;2010;109;;
1;2011;19;;
1;2012;66;;
1;2013;56;;
1;2014;42;;
1;2015;89;;
1;2016;18;;
1;2017;15;;
1;2018;70;;
1;2019;31;;
1;2020;74;;
1;2021;36;;
1;2022;13;;
1;2023;28;;
1;2024;13;;
1;2025;29;;
1;2026;36;;
1;2027;73;;
1;2028;166;;
1;2029;192;;
1;2030;189;;
1;2031;20;;
1;2032;25;;
1;2033;21;;
1;2034;23;;
1;2035;41;;
1;2036;29;;
1;2037;29;;
1;2038;12;;
1;2039;22;;
1;2040;11;;
1;2041;9;;
1;2042;33;;
1;2043;40;;
1;2044;39;;
1;2045;60;;
1;2046;12;;
1;2047;62;;
1;2048;83;;
1;2049;58;;
1;2050;25;;
1;2051;17;;
1;2052;2375;;
1;2053;2971;;Yenisey
1;2054;4;;
1;2055;36;;
1;2056;95;;
1;2057;44;;
1;2058;107;;
1;2059;90;;
1;2060;10;;
1;2061;5;;
1;2062;10;;
1;2063;7;;
1;2064;13;;
1;2065;19;;
1;2066;20;;
1;2067;2;;
1;2068;7;;Po
1;2069;6;;
1;2070;6;;
1;2071;11;;
1;2072;12;;
1;2073;5;;
1;2074;4;;
1;2075;4;;
1;2076;8;;
1;2077;4;;
1;2078;16;;
1;2079;8;;
1;2080;38;;
1;2081;9;;
1;2082;24;;
1;2083;31;;
1;2084;39;;
1;2085;9;;
1;2086;38;;
1;2087;15;;
1;2088;21;;
1;2089;35;;
1;2090;11;;
1;2091;4;;
1;2092;29;;
1;2093;12;;
1;2094;37;;
1;2095;8;;
1;2096;22;;
1;2097;20;;
1;2098;6;;
1;2099;15;;
1;2100;16;;
1;2101;18;;
1;2102;33;;
1;2103;32;;Rhône
1;2104;7;;Rhône
1;2105;21;;
1;2106;8;;
1;2107;26;;
1;2108;33;;Ebro
1;2109;27;;
1;2110;19;;
1;2111;36;;
1;2112;27;;
1;2113;37;;
1;2114;18;;
1;2115;37;;
1;2116;1;;
1;2117;25;;
1;2118;14;;
1;2120;19;;
1;2121;9;;
1;2122;10;;
1;2123;10;;
1;2124;48;;
1;2125;11;;
1;2126;51;;
1;2127;26;;
1;2128;20;;
1;2129;18;;
1;2130;24;;
1;2131;15;;
1;2132;28;;
1;2133;13;;
1;2134;24;;
1;2135;60;;
1;2136;37;;
1;2137;6;;
1;2138;35;;
1;2139;29;;
1;2141;31;;
1;2142;6;;
1;2143;25;;
1;2144;20;;Lek
1;2145;24;;
1;2146;30;;
1;2149;100;;
1;2150;93;;
1;2151;1731;;
1;2152;5212;;
1;2153;2283;;
1;2154;21;;
1;2155;189;;
1;2156;426;;
1;2157;22;;
1;2158;4;;
1;2159;4;;
1;2160;12;;
1;2161;25;;
1;2162;31;;
1;2163;4;;
1;2164;4;;
1;2165;140;;
1;2166;4;;
1;2167;4;;
1;2168;12;;
1;2169;20;;
1;2170;16;;
1;2171;26;;
1;2172;6;;
1;2173;4;;
1;2174;66;;
1;2175;36;;
1;2176;30;;
1;2177;20;;
1;2178;16;;
1;2179;24;;
1;2180;6;;
1;2181;9;;
1;2182;17;;
1;2183;44;;
1;2184;12;;
1;2185;12;;
1;2186;10;;
1;2187;7;;
1;2188;97;;
1;2189;42;;
1;2190;42;;
1;2191;40;;
1;2192;4;;
1;2193;31;;
1;2194;33;;
1;2195;73;;
1;2196;4;;
1;2197;19;;
1;2198;39;;
1;2199;56;;
1;2200;8;;
1;2201;16;;
1;2202;4;;
1;2203;4;;
1;2204;40;;
1;2205;18;;
1;2206;33;;
1;2207;7;;
1;2208;8;;
1;2209;12;;
1;2210;4;;
1;2211;68;;
1;2212;8;;
1;2213;100;;
1;2214;30;;
1;2215;14;;
1;2216;8;;
1;2217;24;;
1;2218;30;;
1;2219;24;;
1;2220;4;;
1;2221;14;;
1;2222;28;;
1;2223;8;;
1;2224;22;;
1;2225;6;;
1;2226;14;;
1;2227;4;;
1;2228;14;;
1;2229;40;;
1;2230;60;;
1;2231;14;;
1;2232;96;;
1;2233;38;;
1;2234;16;;
1;2235;23;;
1;2236;22;;
1;2237;20;;
1;2238;16;;
1;2239;30;;
1;2240;29;;
1;2241;25;;
1;2242;9;;
1;2243;13;;
1;2244;20;;
1;2245;12;;
1;2246;48;;
1;2247;19;;
1;2248;9;;
1;2249;25;;
1;2250;20;;
1;2251;5;;
1;2252;41;;
1;2253;13;;
1;2254;34;;
1;2255;40;;
1;2256;24;;
1;2257;109;;
1;2258;43;;
1;2259;60;;
1;2260;46;;
1;2261;34;;
1;2262;34;;
1;2263;32;;
1;2264;28;;
1;2265;378;;Tamar
1;2266;60;;
1;2267;4;;
1;2268;9;;
1;2269;6;;
1;2270;156;;
1;2271;50;;
1;2272;4;;
1;2273;20;;
1;2274;1226;;
1;2275;84;;
1;2276;32;;
1;2277;1692;;
1;2278;22;;
1;2279;20;;
1;2280;22;;
1;2281;8;;
1;2282;10;;
1;2283;46;;
1;2284;14;;
1;2285;56;;
1;2286;52;;
1;2287;12;;
1;2288;90;;
1;2289;84;;
1;2290;27;;
1;2291;31;;
1;2292;22;;
1;2293;90;;
1;2294;136;;
1;2295;112;;
1;2296;122;;
1;2297;172;;
1;2298;34;;
1;2299;8;;
1;2300;4;;
1;2301;22;;
1;2302;20;;
1;2303;8;;
1;2304;4;;
1;2305;42;;
1;2306;51;;
1;2307;51;;
1;2308;58;;
1;2309;39;;
1;2310;23;;
1;2311;44;;
1;2312;25;;
1;2313;16;;
1;2314;26;;
1;2315;34;;
1;2316;32;;
1;2317;42;;
1;2318;12;;
1;2319;24;;
1;2320;86;;
1;2321;224;;
1;2322;79;;
1;2323;38;;
1;2324;10;;
1;2325;36;;
1;2326;45;;
1;2327;35;;
1;2328;24;;
1;2329;94;;
1;2330;46;;
1;2331;60;;
1;2332;16;;
1;2333;10;;
1;2334;22;;
1;2335;62;;
1;2336;12;;
1;2337;12;;
1;2338;29;;
1;2339;51;;
1;2340;103;;
1;2341;13;;
1;2342;44;;
1;2343;31;;
1;2344;22;;
1;2345;92;;
1;2346;4;;
1;2347;6;;
1;2348;4;;
1;2349;3;;
1;2350;4;;
1;2351;23;;
1;2352;4;;
1;2353;156;;
1;2354;52;;
1;2355;33;;
1;2356;124;;
1;2357;65;;
1;2358;112;;
1;2359;69;;
1;2360;77;;
1;2361;83;;
1;2362;30;;
1;2363;50;;
1;2364;121;;
1;2365;51;;
1;2366;38;;
1;2367;61;;
1;2413;2;;
1;2467;6;;
1;2492;5;;
1;2518;7;;
1;2524;2;;
1;2559;13;;
1;2561;19;;
1;2562;18;;
1;2563;11;;
1;2569;2;;
1;2570;8;;
1;2598;8;;
1;2599;8;;
1;2601;10;;
1;2627;13;;
1;2651;11;;
1;2660;14;;
1;2663;7;;Daugava
1;2667;10;;
1;2669;4;;
1;2671;1;;
1;2672;5;;
1;2673;1;;
1;2684;2;;
1;2694;1;;
1;2723;9;;
1;2727;24;;
1;2731;1;;
1;2748;8;;
1;2749;19;;
1;2753;7;;
1;2804;4;;
1;2805;4;;
1;2812;4;;
1;2832;6;;
1;2834;3;;
1;2835;22;;
1;2837;15;;
1;2838;4;;
1;2842;5;;
1;2850;9;;
1;2872;8;;
1;2894;10;;
1;2897;3;;
1;2899;27;;
1;2900;21;;
1;2902;10;;
1;2970;2;;
1;2985;2;;
1;2986;8;;
1;2989;5;;
1;2990;4;;
1;2991;3;;
1;3040;2;;
1;3041;6;;
1;3042;3;;
1;3045;14;;
1;3049;11;;
1;3051;7;;
1;3089;1;;
1;3189;28;;
1;3190;3;;
1;3208;3;;
1;3212;2;;
1;3221;9;;
1;3222;17;;
1;3279;14;;
1;3295;4;;
1;3296;4;;
2;3;24;Uruguay;
2;609;42;;
2;1442;17;Uruguay;
2;1493;42;Paraná River;Paraná River
2;1510;1;;
2;1511;9;;
2;1512;24;;
2;2822;73;Paraná River;Paraná River
3;1442;34;;
3;1512;31;;
3;2394;15;;
4;5;44;;
4;504;79;;
4;506;19;Mahakam;
4;1593;84;;
4;1594;34;;
5;504;19;;
6;7;14;;
6;8;16;;
6;9;25;;
6;12;27;;
7;8;55;;
7;12;8;;
7;237;12;;
7;1122;41;Madre de Dios;
7;1124;79;Beni;
7;1126;81;;
7;2796;40;Beni;
7;3330;40;;
8;9;21;;
8;10;85;;
8;2796;15;;
9;10;36;;
9;11;33;;
10;11;55;;
10;14;54;;
10;599;13;;
10;1120;92;Pilcomayo River;
10;2796;27;Grande;Grande
11;13;45;;
11;14;22;;
11;1127;3;;
11;1128;45;;
12;1126;16;;
12;1571;33;;
13;14;166;;
13;599;69;Bermejo;
13;600;9;Pilcomayo River;
13;601;26;;
13;608;39;;
13;1127;72;;
13;2823;37;;
13;2824;29;;
14;599;2;;
15;16;40;;
15;17;78;;Indus
15;446;38;;Indus
15;1423;47;;
15;1426;17;;
15;1433;42;;
16;17;240;;
16;89;158;;Irtysh
16;90;156;;
16;101;97;;Irtysh
16;102;83;;
16;105;87;;
16;106;115;;
16;109;10;;
16;219;49;;
16;220;82;;
16;221;43;;
16;291;77;;
16;446;64;;
16;537;9;;
16;1426;25;Yarkand;
16;2775;161;;
17;40;172;;Brahmaputra
17;67;5;;
17;68;16;;
17;69;4;;
17;216;38;Mekong;Mekong
17;468;31;;
17;469;9;;
17;565;58;;Ganges
17;820;65;;
17;821;4;;
17;822;3;;
17;823;18;;
17;824;29;;
17;825;23;;
17;826;14;;
17;827;11;;
17;828;13;Sapt;
17;829;8;;
17;830;25;Derung-Nmai;Derung-Nmai
17;1423;35;;
17;1430;6;;
17;1431;3;;
17;1432;31;;
17;2769;83;Jinsha;Tongtian
17;2775;280;;Tongtian
18;19;12;;
18;21;15;;
18;22;2;;
18;819;18;;
18;1208;34;;
18;1452;5;;
19;1208;2;;
20;21;9;;
20;22;4;;
20;23;12;Jordan;
20;1207;12;;
21;22;10;;
21;1452;14;;
22;1452;7;;
23;79;4;Jordan;
23;83;1;;
23;1207;2;;
23;2051;4;;
24;25;40;;
24;33;1;;
24;927;29;;
24;929;296;;
24;930;26;Akobo;
24;1243;9;;
24;3340;9;;
25;33;53;;
25;324;41;;White Nile
25;930;50;;
25;1342;14;;
25;1343;4;;
25;1344;26;;
25;1345;1;;
25;1346;2;;White Nile
25;1347;7;White Nile;White Nile
26;27;12;;
26;28;32;;
26;29;29;;
26;30;25;Shebelle;
26;31;38;;
26;32;22;Jubba;
26;41;132;;
26;325;4;;
26;326;16;;
26;327;42;;
26;929;228;;
26;1243;3;;
26;1244;63;;
26;3132;16;;
27;28;46;;
27;41;42;;
27;42;42;;
28;29;66;;
29;30;45;;
29;1747;17;;
30;31;29;;
30;1746;4;;
30;1747;33;;
31;32;14;;
31;1746;2;;
31;2995;43;;
32;1244;59;;
32;1275;6;;
32;1745;27;;
32;2995;40;Jubba;
33;1243;140;;
33;1276;10;;
33;1277;11;;
33;1278;50;;
33;1279;47;;
33;1280;15;;
33;1342;25;;
33;1381;22;;
33;1382;36;;
33;1383;21;;
33;2666;67;;
33;2922;7;;
33;3340;53;;
34;35;4;;
34;38;3;;
34;296;22;;
34;3325;19;;
35;36;31;;
35;296;18;;
35;297;14;;
35;332;18;Rungwa;
35;333;55;;
35;364;4;;
35;2977;14;;
35;2978;22;Rungwa;
35;2979;45;;
35;3325;5;;
36;37;36;;
36;2484;9;;
36;2979;19;;
36;3325;29;;
37;1043;7;;
37;1044;70;Ruvuma;
37;1541;41;;
37;2484;57;;
37;3325;25;;
38;39;3;;
38;296;7;;
38;297;11;;
38;298;18;;
38;3325;8;;
39;298;27;;
39;1366;3;;
39;3325;23;;
40;67;8;Manas;
40;474;126;;Brahmaputra
40;476;4;;
40;477;13;;
40;830;29;;
40;831;42;;
40;832;6;;
41;42;26;;
41;325;13;;
43;44;65;Maroni;
43;407;93;;
43;598;15;Maroni;
44;45;94;Courantyne;
44;234;58;;
44;407;8;Litani;
44;597;11;;
44;598;8;Maroni;
44;1658;12;;
44;2498;25;;
44;2499;45;;
45;232;8;Essequibo;
45;233;59;;
45;234;43;;
45;597;22;Courantyne;
45;1655;30;Courantyne;
45;1657;15;;
46;47;24;;
46;48;32;;
46;1923;22;;
46;3019;25;Namhan;
47;48;2;;
47;49;22;;
47;1918;3;;
47;1924;7;;
48;49;18;;
48;1845;9;;
48;1919;8;;
48;3018;24;Han;
48;3019;11;;
49;1918;18;;
49;1919;29;;
49;3057;21;;
50;51;89;;
50;52;61;;
50;1237;68;;
50;1247;105;;
51;52;36;;
51;53;103;;
51;1236;158;;
51;1237;6;;
51;1248;31;;
51;1249;23;;
52;53;40;;
52;1236;3;;
53;1248;11;;
54;55;15;San Juan;San Juan
54;1087;20;;
54;1088;10;;
54;1096;12;;
54;1447;12;;San Juan
54;2753;8;;
55;1088;5;;
55;1095;1;;San Juan
55;1447;10;San Juan;San Juan
55;1793;27;;
55;2619;9;;
55;3302;19;;San Juan
56;57;85;Ubangi;Ubangi
56;58;28;Sangha;Congo
56;912;28;Lobaye;Ubangi
56;941;52;;
56;1338;33;;
57;58;27;Congo;Congo
57;59;6;Congo;Congo
57;60;136;;Congo
57;323;238;;Uele
57;907;14;Uele;Uele
57;908;19;Uele;Uele
57;909;35;Uele;Uele
57;910;9;Uele;Uele
57;911;24;Uele;Uele
57;912;11;Uele;Uele
57;1316;19;;
57;2767;63;;
58;59;63;Alima;Congo
58;941;41;;
58;943;54;;
58;944;15;;
59;60;23;Congo;Congo
59;61;44;;Congo
59;944;15;Alima;
59;947;13;;
60;61;18;Congo;Congo
60;62;3;;Congo
60;63;31;Kwango;Congo
60;64;14;;
60;1315;39;Kwango;
60;1316;105;;Kasai
60;1317;62;;
60;1318;19;Kwango;
61;62;44;;Congo
61;64;37;Congo;Congo
61;65;32;Kouilou-Niari;
61;947;15;;
62;63;20;Congo;Congo
62;64;3;;Congo
63;64;35;;Congo
64;65;14;;
64;66;14;;
64;430;33;;
64;1314;51;;Congo
64;1315;25;;
65;66;34;;
65;947;36;Kouilou-Niari;
66;430;9;;
66;431;24;;
66;944;12;;
66;945;8;;
66;946;35;Ngounie;
66;947;34;;
66;948;30;;
67;68;8;;
67;477;4;Manas;
67;2800;5;;
68;69;13;;
68;2800;9;;
69;475;2;;
69;1432;1;;
69;2797;5;;
69;2800;3;;
69;2801;10;;
70;71;35;Dnieper;Dnieper
70;76;46;Desna;Dnieper
70;740;37;;
70;741;41;Desna;
70;2404;19;;
71;73;18;Prypiat;
71;74;4;;
71;75;38;;
71;76;28;Prypiat;Dnieper
71;739;65;;Dnieper
71;740;28;;
71;2803;26;;
72;73;36;Mukhavets;
72;74;55;;
72;732;23;Western Bug;
72;733;20;Western Bug;
73;74;40;;
73;95;56;;
73;362;19;;
73;732;22;Western Bug;
73;2803;39;;
74;75;30;;
74;733;9;;
74;2405;21;;
74;2406;21;;
75;76;48;;
75;720;34;;
75;2405;30;;
76;720;12;;
76;2404;3;;
76;2408;61;;Dnieper
76;3184;50;Dnieper;Dnieper
77;78;134;Orange;Orange
77;1320;118;;
78;885;69;Orange;Vaal
78;888;40;;
78;898;115;;Vaal
78;901;95;Molopo;
78;1320;13;;
78;1537;212;;
79;80;9;;
79;81;7;;
79;83;29;Jordan;
79;2051;17;Jordan;
80;81;5;;
80;82;1;;
80;2051;6;;
81;82;7;;
81;83;44;;
81;801;14;;
81;1205;10;;
81;1210;33;;
81;1218;34;;
81;2490;50;;
82;808;4;;
82;2490;11;;
83;1205;19;;
83;1206;22;;
83;1207;17;;
84;85;1;;
84;86;10;;
85;86;14;;
85;396;12;;
85;397;5;;
85;1762;11;;
86;395;2;;
86;396;3;;
86;397;3;;
86;1762;13;;
87;3325;8;;
88;91;21;Naryn;Naryn
88;221;7;;
88;267;18;Naryn;Naryn
88;268;14;;
88;269;56;;
89;90;111;;
89;109;94;;
89;1195;76;;Irtysh
89;1198;131;;
89;3095;124;;
90;219;61;;
90;226;74;;
90;227;24;;
90;3095;9;;
90;3323;173;;
91;266;42;;Syr Dar
91;267;20;;Naryn
91;269;89;Zeravshan;Syr Dar
91;290;52;;
91;783;23;;
91;784;25;Zeravshan;
91;785;5;;
91;786;7;;
91;787;12;;
92;93;14;;
92;94;14;;
92;95;2;;
92;124;64;;
92;140;10;;
92;734;7;;
92;735;18;Daugava;Daugava
92;738;33;Dnieper;Daugava
92;739;31;Dnieper;Dnieper
92;2803;71;;
93;94;51;;
93;128;31;;
93;139;6;;
93;140;10;;
94;95;45;;
94;96;20;;
94;128;6;;
94;2558;24;Neris;
95;96;31;;
95;362;25;;
95;2803;53;;
96;361;8;;
96;362;8;;
96;2558;17;;
97;98;45;;
97;605;43;Uruguay;
97;609;67;Uruguay;
97;618;128;Uruguay;
97;1442;1;;
97;1443;43;;
97;1444;1;;
97;1445;11;river;
97;1446;42;;
98;609;14;Uruguay;
98;1442;37;;
99;100;218;;
99;103;91;;
99;769;92;;
99;771;39;;
100;103;108;;
100;104;126;;
100;105;9;;
100;106;303;;
100;107;32;;
100;108;167;;
100;769;171;Argun;Argun
100;772;343;Nen;Amur
100;777;141;;
100;781;139;;
100;1916;186;;
100;2773;125;;Yellow
100;2774;105;;
100;2776;79;;Yellow
101;102;79;;
101;109;48;;
101;765;6;;
101;767;40;;
102;105;76;;
102;767;52;;
102;770;22;;
103;104;29;;
103;771;48;;
104;108;40;;
104;771;76;;
104;3062;19;;
104;3065;68;;
105;106;17;;
105;107;85;;
105;770;94;;
106;2769;139;;Yellow
106;2773;146;;Yellow
106;2774;186;;
106;2775;388;;Yellow
107;108;70;;
107;770;30;;
107;3063;69;;
107;3066;68;;
108;3065;83;;
108;3066;54;;
109;765;60;;
109;1198;109;;
109;3005;32;;
109;3008;45;;
110;111;32;;Elbe
110;112;10;;Elbe
110;113;9;;
110;115;1;;
110;3181;22;;Elbe
111;112;5;;
111;113;16;;
111;114;5;;
111;284;11;;
111;673;7;;
111;674;37;Elbe;Elbe
111;2716;28;;
111;2717;23;;Elbe
112;284;16;;
112;285;14;Elbe;Elbe
112;3181;15;;
113;114;12;;
113;115;15;;
114;115;37;;
114;116;6;Vltava;
114;338;31;Inn;Danube
114;355;13;;
114;356;52;;
114;507;23;;
114;624;78;Main;Danube
114;2715;35;Main;
114;2716;48;;Weser
115;116;13;Vltava;
115;3181;20;;
116;336;21;;
116;338;19;Vltava;
116;3180;23;;
116;3181;18;;
117;118;16;;
117;120;11;;
117;1405;7;;
117;1406;10;;
117;2642;10;;
117;2721;8;;
118;119;4;;
118;2002;2;;
118;2003;7;;
118;2642;7;;
118;2720;20;;
118;2721;3;;
119;2002;9;;
119;2642;8;;
119;2644;3;;
120;121;10;;
120;122;18;;
120;1404;2;;
120;1405;10;;
120;2642;1;;
121;123;11;;
121;124;7;;
121;1404;24;;
121;2645;8;;
122;2640;16;;
122;2642;15;;
122;2645;3;;
123;124;7;;
123;125;1;;
123;2641;7;;
123;2645;16;;
124;125;11;;
124;126;17;;
124;127;10;;
124;393;43;;
124;738;13;Daugava;
124;1404;7;;
124;2641;4;;
124;3023;60;;
124;3024;38;Daugava;Daugava
124;3333;45;;
125;2641;10;;
126;127;9;;
126;2641;5;;
126;2643;7;;
127;734;9;;
127;2643;8;;
128;129;10;;
128;130;5;;
128;131;6;;
128;136;13;;
128;137;11;;
128;139;5;;
128;2558;10;;
128;2655;3;;
129;130;5;;
129;131;2;;
129;2653;5;;
130;2653;5;;
130;2655;5;;
131;137;6;;
131;2652;9;;
131;2653;2;;
131;2663;3;;
132;133;7;;
132;134;21;;
132;135;2;;
132;136;18;;
132;737;10;;
133;135;1;;
133;136;5;;
133;2657;4;;
133;2658;8;;
133;2661;2;;
133;2662;11;;
134;135;10;;
134;736;24;Neman;
134;737;16;;
134;1998;8;;
135;1998;6;;
135;2658;6;;
135;3279;5;;
136;137;2;;
136;138;17;;
136;737;6;;
136;2558;26;;
136;2661;13;;
137;138;4;;
137;2663;5;;
138;2660;2;;
138;2661;13;;
138;2663;18;;
139;140;6;Daugava;Daugava
139;2655;15;;Daugava
140;735;3;;Daugava
140;2647;2;;Daugava
140;2654;4;;
140;2655;2;;Daugava
140;2656;5;;
141;142;69;;
141;143;47;;
141;154;32;;
141;155;53;;
142;143;93;;
142;144;119;;
142;154;123;Muonio;
143;144;41;;
143;146;40;;
144;145;54;;
144;146;2;;
144;2012;50;;
145;146;88;;
145;147;24;Indalsälven;
145;148;2;;
145;149;45;;
145;2012;105;;
145;2013;30;;
146;147;46;;
147;148;50;;
147;2030;45;;
147;2552;13;;
148;149;35;;
148;150;43;;
148;151;22;Vorma;
148;2552;72;;
149;150;45;;
149;2013;64;;
149;2494;29;Dalälven;
149;2496;22;;
150;151;1;;
150;152;16;;
150;153;19;;
150;2496;22;;
150;3328;58;;
151;152;29;;
151;2022;6;;
151;2552;19;;
152;153;19;;
153;2017;10;;
153;2021;26;;
153;2495;37;;
153;2496;9;;
153;3328;97;;
154;155;190;;
154;387;97;Paatsjoki;
154;388;5;;
154;389;104;;
155;387;47;Paatsjoki;
156;157;15;;
156;161;32;;
156;880;7;;
156;881;15;;
156;882;8;;
156;1910;11;;
157;159;22;Srepok;
157;161;15;;
157;882;24;;
157;1026;22;;
158;159;13;;
158;160;16;Krong;
158;162;11;;
158;2392;24;Krong;
159;160;11;Krong;
159;161;2;;
159;162;12;;
159;163;39;;
159;1026;5;Srepok;
160;161;24;;
160;1636;13;;
160;1908;9;;
160;2392;11;;
161;1908;13;Ba;
161;1909;20;Ba;
161;1910;2;;
162;163;8;;
162;164;1;;
162;165;6;;
162;1905;8;;
162;2391;11;;
162;2392;7;;
163;165;20;Mekong;Mekong
163;1026;20;Mekong;Mekong
163;2789;15;;
164;165;14;;
164;166;16;;
164;168;2;;
164;1631;2;;
164;2391;13;;
165;166;1;;
165;167;17;Mekong;Mekong
165;171;8;Mekong;Mekong
165;2788;8;Tonlé Sap;
165;2789;20;;
166;167;14;;
166;168;17;;
167;168;2;;
167;169;6;;
167;170;1;;Mekong
167;171;22;Mekong;Mekong
168;169;11;;
168;1628;17;;
168;1631;13;;
169;170;12;Mekong;Mekong
169;1628;5;;
169;2393;4;Mekong;Mekong
170;171;4;Mekong;Mekong
170;172;12;Mekong;Mekong
170;173;10;;
170;2393;9;Mekong;Mekong
171;172;14;Mekong;Mekong
171;2788;3;;
171;2790;9;;
172;173;1;;
172;174;11;;
172;2790;10;;
173;174;5;;
173;1899;8;;
173;1900;4;;
173;1901;8;;
173;2393;8;;
174;461;3;;
174;1630;8;;
174;2790;8;;
175;176;5;;
175;177;25;;
175;187;8;;
175;188;10;Moselle;
175;213;7;;
175;369;38;;Rhine
175;624;13;Rhine;Rhine
175;628;11;Rhine;Rhine
175;2715;39;Rhine;Rhine
176;184;9;;
176;187;3;;
176;188;9;;
177;188;3;;
177;213;24;;
178;179;10;;
178;180;34;;
178;183;15;;
178;2142;3;;
178;2143;30;;
179;180;14;;
179;619;4;;
179;620;10;;
179;2143;1;;
180;181;4;;
180;182;15;;
180;183;2;;
180;620;9;Scheldt;
180;1478;4;;
180;1479;10;;
180;2143;2;;
181;182;21;Meuse;Meuse
181;183;13;;
181;184;7;Meuse;Meuse
181;185;9;Meuse;Meuse
181;3245;16;;
182;184;19;;
182;187;9;Meuse;Meuse
182;1479;8;;
183;2142;6;;
183;3245;17;Marne;
183;3267;15;;
183;3275;10;Marne;
184;185;4;;
184;186;5;;
184;187;22;;
184;188;4;;
185;186;26;;Meuse
185;3244;9;Marne;
185;3245;13;;
185;3248;5;;Meuse
186;188;3;;
186;213;37;;
186;3248;27;Moselle;Meuse
187;369;12;;
187;371;3;;Meuse
187;623;15;Meuse;Meuse
187;1478;1;;
187;1479;3;;
188;213;9;;
189;190;14;;
189;191;39;;
189;747;74;;
189;748;11;;
189;3033;57;Kuban;
189;3034;156;;
190;191;34;;
190;193;20;;
191;192;12;;
191;193;6;;
191;3033;29;;
192;193;18;;
192;194;42;;
192;196;5;;
192;3033;37;;
193;196;23;;
193;1488;8;;
193;3124;12;;
194;195;5;;
194;196;14;;
194;197;32;;
194;198;8;;
194;3033;11;;
195;196;4;;
195;198;24;Kura;
195;210;8;;
195;223;13;;
195;3124;12;Kura;
196;3124;28;;
197;198;11;;
197;199;20;;
197;3033;1;;
198;199;5;;
198;200;17;;
198;223;11;Kura;
199;200;8;;
199;201;70;;
199;3033;19;;
200;201;24;;
200;223;11;;
200;243;10;;
200;244;6;;
200;400;10;;
200;401;8;;
200;405;5;;
200;408;11;;
201;400;7;;
201;401;9;;
201;402;17;;
201;403;5;;
201;404;5;;
201;405;7;;
201;406;3;;
201;2204;28;;
201;3033;31;;
202;203;11;Drin;
202;204;6;Drin;
202;206;7;Drin;
202;207;2;;
202;2061;7;;
202;2062;2;;
202;2063;11;;
203;204;2;;
203;207;13;Drin;
203;2664;4;;
203;3082;3;;
203;3083;7;;
204;697;16;Drin;
204;698;5;;
204;2063;8;Drin;
204;2664;21;;
205;206;10;;
205;208;7;;
205;292;18;Haliacmon;
205;293;4;;
205;294;8;;
205;2856;5;;
206;207;8;;
206;208;1;;
206;2060;3;;
206;2061;13;;
206;2856;12;;
207;208;8;;
207;3083;5;;
207;3084;2;;
207;3085;8;;
208;292;4;;
208;541;5;;
208;3085;3;;
209;210;18;Kura;
209;211;12;Kura;
209;212;4;;
209;750;21;;
209;2953;9;;
210;212;5;;
210;223;16;;
210;225;7;;
210;750;1;;
210;1488;3;;
210;3124;18;Kura;
211;212;20;;
211;2031;12;;
211;2953;34;;
212;1488;14;;
213;628;32;;
213;3248;1;;
214;1694;13;;
214;1695;20;;
215;216;36;Nam Ou;
215;217;11;;
215;869;34;;
215;870;15;Nam Ou;
216;217;2;;
216;218;19;Mekong;
216;830;120;;Derung-Nmai
216;836;144;;Salween
216;869;5;;
216;1027;29;;
216;1028;72;;Nanpan
216;1030;25;Red;
216;1031;35;;
216;2769;278;Jinsha;Jinsha
216;2771;123;;Nanpan
217;218;26;;
217;850;14;;
217;851;17;Mekong;Mekong
217;870;32;Mekong;Mekong
218;836;25;Mekong;Mekong
218;850;20;;Mekong
219;220;77;;Naryn
219;227;35;;
219;3339;96;;
220;221;19;;
220;227;45;;
220;265;43;;Naryn
221;265;23;;
221;268;30;;
221;269;42;;
221;290;18;;
221;291;28;;
222;223;2;;
222;224;12;;
222;243;23;;
222;244;7;;
222;245;3;;
222;246;14;;
222;2821;1;;
223;224;16;;
223;225;1;;
223;243;8;Kura;
224;225;12;;
224;243;2;;
224;751;6;;
224;2821;6;;
225;750;16;Aras;
225;751;12;;
226;227;63;;
226;228;56;;
226;229;89;;
226;3095;66;;
226;3323;30;;
227;228;19;;
227;265;16;;
228;229;3;;
228;265;40;;
228;266;6;;
229;266;61;;Syr Dar
229;783;15;;Syr Dar
229;784;35;;Syr Dar
229;1164;116;;Syr Dar
229;1167;30;;
229;3095;31;;
230;231;14;;
230;232;37;;
230;1101;24;;
230;1103;58;Cuyuni;
230;1592;7;Cuyuni;
230;1654;10;Cuyuni;
230;1655;22;Essequibo;
231;232;27;;
231;233;73;;
231;234;18;;
231;1103;117;;
231;1104;184;;Negro
231;1119;61;;
232;233;41;;
232;1655;27;Essequibo;
233;234;17;Essequibo;
234;407;205;Jari;
234;1104;201;;Amazon
234;1125;163;Jamanxim;Tapajós
234;1494;116;Gurupí;Araguaia
234;2794;124;Araguaia;Araguaia
235;236;25;;
235;366;32;;Elbe
235;676;18;;Elbe
235;2148;18;Elbe;Elbe
236;2149;31;;
237;238;40;;
237;1121;45;;
237;1122;39;;
237;1126;30;;
237;2602;66;;
238;1104;150;;
238;1108;11;;
238;1121;124;;
238;1122;74;;
238;1123;3;;
239;240;59;;
239;241;9;;
239;242;7;;
239;1260;7;;
239;1332;30;;
239;1333;45;;
239;3090;71;;
240;241;44;;
240;1252;37;;
240;1253;20;;
240;1260;34;;
241;242;14;;
241;1252;6;;
241;1677;15;;
242;1676;12;;
242;3090;5;;
243;244;13;Kura;
244;245;6;;
244;246;1;;
244;408;2;;
244;2808;11;Kura;
245;246;15;;
245;247;7;;
245;2808;7;;
246;247;2;;
246;248;13;;
246;249;9;;
246;253;4;;
246;2821;12;;
247;248;6;;
247;2571;7;;
247;2808;4;;
248;249;4;;
248;250;2;;
248;251;13;;
248;2565;5;;
248;2566;8;;
248;2567;3;;
248;2571;4;;
249;250;7;;
249;253;4;;
249;254;12;;
250;251;15;;
250;252;17;;
250;254;8;;
250;255;2;;
250;256;9;;
250;749;8;Aras;
251;252;3;;
251;2565;10;;
251;2568;7;;
252;749;9;Aras;
252;759;6;;
252;2568;1;;
253;254;6;;
253;358;10;Aras;
253;752;1;;
253;2821;13;Aras;
254;255;12;;
254;357;19;Aras;
254;358;1;;
255;256;8;;
255;357;3;;
255;749;3;;
256;749;7;Aras;
257;258;15;;
257;261;9;;
257;302;15;Tisza;
257;716;25;;
257;2527;8;;
258;261;1;;
258;262;21;;
258;302;18;Tisza;
258;667;21;Tisza;
258;3188;2;;
259;260;15;Mureș;
259;261;23;;
259;263;1;;
259;264;32;Mureș;
259;2532;11;;
260;261;9;;
260;262;14;;
260;263;16;;
260;3116;15;;
260;3123;1;;
261;262;19;;
261;2525;8;;
261;2527;11;;
261;2532;1;;
261;2544;7;;
262;667;11;Tisza;
262;3116;9;;
262;3188;30;;
263;264;11;Mureș;
263;409;1;;
263;410;18;;
263;412;12;Tisza;
263;3116;7;Tisza;
263;3123;24;Tisza;
264;412;10;;
264;690;16;;
264;691;9;;
264;692;27;;
264;2532;6;Mureș;
264;3123;1;;
265;266;34;;
265;267;50;;Naryn
265;268;22;;
266;267;8;;
266;783;21;Syr Dar;Syr Dar
267;268;18;Naryn;Naryn
269;290;19;;
270;271;14;;
270;272;14;;
270;273;7;;
270;289;11;;
270;665;15;;
270;666;1;;
270;668;22;;
271;272;32;Vistula;Vistula
271;286;26;;Oder
271;289;22;Vistula;Oder
271;3036;20;Warta;
271;3039;10;;
272;273;36;;
272;274;20;;
272;3039;30;Vistula;Vistula
273;274;25;;
273;302;3;;
273;303;49;;
273;668;6;;
274;302;4;;
274;732;41;;
274;733;35;;
274;3039;17;Vistula;Vistula
275;276;23;;
275;277;9;;
275;278;2;;
275;1944;1;;
276;277;1;;
276;1944;6;;
276;2896;13;;
277;278;4;;
277;279;13;;
277;280;4;;
277;281;4;;
277;2896;11;;
278;279;13;;
278;1943;6;;
278;2689;5;;
278;2690;12;Shannon;
279;280;12;;
279;1946;8;;
279;2688;1;;
279;2689;7;;
280;281;7;;
280;282;5;;
280;283;3;;
280;1946;5;;
281;282;9;;
281;2896;8;;
281;2897;6;;
282;283;7;;
282;2897;3;;
282;2898;6;;
282;2899;3;;
282;2900;3;;
283;1946;9;;
283;2898;6;;
283;2899;1;;
284;285;34;;
284;286;21;;Oder
284;287;10;Morava;
284;288;7;Morava;
284;673;34;Oder;Oder
284;3038;31;;
285;288;24;;Elbe
285;3181;12;;
286;287;8;;
286;289;18;;
286;3036;10;;
286;3038;11;;
287;288;16;Morava;
287;289;26;Oder;Oder
287;337;9;;
287;666;13;Morava;
288;337;8;;
288;3180;20;;
288;3181;5;Elbe;Elbe
289;666;13;Oder;
290;291;53;;
290;787;23;;
290;788;51;;
291;537;138;Panj;Panj
291;788;8;;
292;293;17;;
292;538;19;Haliacmon;
292;540;4;;
292;541;7;;
292;2055;19;Haliacmon;
293;294;13;;
293;295;4;;
293;2055;20;;
293;2059;6;;
294;295;18;;
294;2060;2;;
294;2856;13;;
295;2060;6;;
296;297;31;;
297;298;17;;
297;299;55;Luangwa;
297;364;87;Chambeshi;
297;1353;20;Luapula;
297;1355;53;;
298;299;22;;
298;300;10;;
298;1366;14;;
299;300;26;;
299;301;24;;
299;903;6;Luangwa;
299;1309;56;;
299;1355;47;Luangwa;
300;301;11;;
300;1366;7;;
300;1371;2;;
300;2553;7;;
300;2557;11;;
301;1309;7;;
301;1371;8;;
302;303;10;;
302;667;1;;
302;716;23;Tisza;
302;717;30;;
302;733;20;;
303;667;34;;
303;668;11;;
304;305;27;Rokel;Niger
304;306;14;;
304;307;8;;
304;308;3;;
304;309;22;;
304;311;25;;
304;313;32;;
305;308;25;;
305;310;4;;Niger
305;311;2;;Niger
305;2696;9;;
305;2703;27;Niger;Niger
306;307;15;;
306;309;11;;
306;1708;8;;
306;1709;11;;
306;2698;4;;
306;2700;3;;
306;2702;6;;
307;308;21;Bafing;Bafing
307;1024;9;Bafing;Bafing
307;1025;6;Bafing;
307;2700;19;Bafing;Bafing
308;1024;2;;Bafing
308;1025;17;;
308;2703;16;;
309;1709;11;;
310;311;25;;
310;315;8;;
310;1013;9;;
310;2696;16;;
311;312;7;;
311;313;27;;
311;314;10;;
311;315;14;;
312;313;13;;
312;314;21;;
312;1710;8;;
314;315;31;;
314;1015;19;Saint Paul;
314;1710;13;Saint Paul;
315;1013;20;;
315;1014;8;Saint Paul;
315;1015;7;Saint Paul;
316;317;5;;
316;318;36;;
316;319;30;;
316;931;9;Aoukalé;
316;932;46;Aoukalé;
316;933;44;;
317;318;62;;
317;931;29;;
317;1262;34;;
317;1263;40;;
318;319;24;;
318;320;53;;
318;1262;11;;
318;1420;54;;
319;320;10;;
319;321;35;Chinko;
319;908;56;;
319;909;3;;
319;910;63;;
319;933;47;;
320;321;64;;
320;322;41;;
320;1419;68;;
320;1420;12;;
320;2504;38;;
321;322;47;;
321;323;65;Mbomou;
321;910;61;;
322;323;66;;
322;324;53;;
322;2503;66;;
322;2504;1;;
323;324;38;;
323;910;54;Mbomou;Uele
323;920;80;;
323;1348;3;;
323;1385;17;;
323;1386;12;;
323;1387;8;;
323;1388;8;Semliki;
323;1389;16;Semliki;
323;1390;12;Semliki;
323;1391;4;Semliki;
323;2767;3;;
323;2768;114;;Lualaba
324;930;9;;White Nile
324;1347;5;White Nile;White Nile
324;1348;20;;
324;2503;26;;White Nile
325;326;13;;
326;327;17;;
326;328;6;;
327;328;17;;
327;335;54;;
327;921;70;;
327;923;46;;
327;929;26;Awash;
327;1397;1;;
328;334;14;;
328;335;8;;
329;331;4;;
329;521;9;Ruzizi;
329;522;24;;
329;918;3;;
329;919;2;;
329;920;31;;
329;2768;100;;
329;3326;33;;
330;332;51;Malagarasi;
330;913;3;;
330;914;9;;
330;915;9;;
330;916;8;Malagarasi;
330;917;17;;
330;2978;26;Gombe;
330;2982;33;;
330;3326;48;;
331;364;17;;
331;1300;46;Kasai;Kasai
331;1301;105;Kafue;Zambezi
331;1316;27;;
331;1317;13;Kasai;Kasai
331;1319;50;Kasai;Kasai
331;1353;131;Luapula;
331;1354;45;;
331;1355;38;;
331;2767;123;;
331;2768;41;;Lualaba
331;3326;80;;
332;333;37;;
332;2978;61;Ugalla;
332;3326;11;;
333;364;21;;
333;3326;39;;
334;335;13;;
335;1397;11;;
336;337;28;;
336;338;35;Danube;Danube
336;344;24;;Danube
336;642;30;;
336;663;10;Morava;Danube
336;2820;22;Danube;Danube
336;3180;2;;
337;663;1;;
337;664;13;Morava;
337;665;3;;
337;666;19;Morava;
337;3180;27;;
338;507;26;;
338;642;31;;
339;340;21;;
339;341;15;;
339;342;6;;
339;1217;36;Tigris;Tigris
340;341;9;;
340;360;4;;
340;799;13;Tigris;Tigris
340;800;15;Tigris;Tigris
340;1217;1;;Tigris
340;2974;25;;
341;342;22;;
341;357;20;;
341;360;16;;
342;357;16;;
342;809;25;;
342;1217;45;;Tigris
342;1489;5;Tigris;Tigris
342;1490;29;;
343;344;34;;
343;345;11;;
343;663;3;;Danube
343;664;11;Danube;Danube
343;670;2;;Danube
343;671;6;;Danube
343;3118;13;;
344;345;22;;
344;642;12;;
344;663;6;Danube;Danube
345;432;15;;
345;2546;8;;
345;3118;8;;
346;347;15;;
346;384;15;Dora Baltea;
346;385;7;Dora Baltea;
346;386;5;Dora Baltea;
346;3204;3;;
346;3226;3;;
347;348;17;Rhône;Rhône
347;349;1;;Rhône
347;386;10;Rhône;
347;636;10;Rhône;Rhône
347;2414;23;Rhône;Rhône
347;2416;0;;Rhône
347;3204;2;;
348;349;13;;
348;350;5;Ticino;
348;2414;1;;Rhône
348;3204;9;;
348;3207;3;;
349;350;11;Ticino;
349;351;8;;
349;352;16;Ticino;
349;2414;0;;Rhône
349;2416;7;Rhône;Rhône
350;351;5;;
350;3197;4;;
350;3207;7;Ticino;
351;352;4;;
351;353;1;;
351;3197;2;;
351;3198;10;;
351;3199;6;;
352;353;43;Inn;
352;354;7;;
352;355;13;Inn;
352;356;8;Inn;
352;630;7;Rhine;Rhine
352;2416;7;Rhine;Rhine
352;2418;7;Rhine;Rhine
353;354;4;;
353;3193;9;;
353;3194;11;;
353;3198;7;;
353;3209;3;;
354;356;47;Adige;
354;508;9;;
354;3209;31;Adige;
355;356;12;;
355;624;5;;
355;630;8;Rhine;Rhine
355;631;5;;
356;507;28;;
356;508;7;Drava;
356;509;14;Drava;
357;358;9;Aras;
357;359;11;;
357;360;38;;
357;749;83;;
357;809;15;;
357;810;42;;
357;2488;6;;
358;359;27;;
358;750;5;;
358;752;18;Aras;
359;360;29;;
359;750;15;;
359;2952;11;Murat;
359;2953;14;;
359;2956;7;;
360;2956;26;;
360;2974;15;;
361;362;11;;
361;736;19;;
361;737;12;Neman;
361;2558;18;Neman;
362;363;41;;
362;732;1;;
362;736;2;;
362;3035;45;Western Bug;
363;736;49;;
363;1158;30;;
363;3035;35;;
363;3037;16;;
364;1353;123;;
364;3326;30;;
365;366;22;;
365;367;20;;
365;2146;16;;
366;367;9;;
366;368;12;;
366;369;82;Weser;Weser
366;674;3;;Elbe
366;676;17;Elbe;Elbe
366;2147;38;Weser;Weser
366;2148;14;Elbe;Elbe
366;2715;16;Weser;Weser
366;2716;15;;
366;2717;44;;
367;368;13;;
367;2146;10;;
368;369;7;;
368;370;21;IJssel;IJssel
368;2146;5;;
368;2623;8;;IJssel
369;370;22;Rhine;Rhine
369;371;29;Meuse;Meuse
369;621;0;;Meuse
369;2715;42;;Weser
370;371;1;;
370;621;16;Rhine;Rhine
370;2144;4;Rhine;Rhine
370;2623;12;;IJssel
370;2624;16;Rhine;Nederrijn
371;621;19;Meuse;Meuse
371;623;22;Meuse;Meuse
372;373;8;;
372;374;5;;
372;375;12;;
372;376;15;;
372;990;30;;
372;1004;34;;
372;2683;20;Sassandra;
373;374;31;;
373;375;7;;
373;2696;15;;
373;2697;23;;
373;2703;28;;
374;1004;44;;
374;1021;21;;Niger
374;1022;7;;Niger
374;2703;2;;
375;376;40;;
375;378;4;;
375;1013;11;Saint Paul;
375;1016;10;;
375;2697;16;;
376;377;25;;
376;378;4;;
376;2683;12;Sassandra;
377;378;18;;
377;1007;19;Cess;
377;1008;31;;
377;2676;13;Sassandra;
377;2683;8;Sassandra;
378;1007;3;;
378;1016;13;;
379;380;6;;
379;381;5;;
379;2101;3;;
380;381;18;;
380;382;19;;
380;511;4;;
380;2102;9;;
381;382;8;;
381;383;4;;
381;384;16;Po;Po
381;2101;10;;
381;3192;9;;
382;383;31;Durance;
382;2102;21;;
382;3234;3;;
382;3243;10;Durance;
383;384;13;Durance;Po
383;385;6;;
383;3233;14;;
383;3234;16;;
384;385;21;;
384;3192;8;Po;Po
384;3204;6;Po;Po
384;3226;5;Dora Baltea;
385;386;23;;
385;635;7;Rhône;Rhône
385;3233;22;;
386;635;6;Rhône;Rhône
386;636;22;Rhône;Rhône
387;388;65;;
388;389;35;;
388;390;72;;
388;391;75;;
388;392;14;;
388;393;69;;
388;2052;94;;
388;3022;25;;
388;3322;134;;
388;3329;387;;Svir
388;3331;12;;
389;390;93;;
389;2011;31;;
389;3125;20;;
389;3127;24;;
390;391;30;;
390;3125;33;;
391;392;1;;
391;3125;39;;
391;3126;11;;
391;3331;74;;
392;393;30;;
392;394;21;;
392;3126;26;;
392;3331;98;;
393;394;2;;
393;1403;15;Narva;
393;2006;58;;Neva
393;3022;59;;
393;3023;120;;
393;3322;110;;Svir
393;3329;45;;Svir
393;3333;1;;
394;2007;11;;
394;3126;15;;
394;3131;9;;
394;3331;1;;
394;3332;6;;
395;396;3;;
395;397;12;;
395;399;19;;
395;1761;9;;
395;3052;5;;
396;397;10;;
396;398;16;;
397;398;36;;
397;399;22;;
398;399;20;;
398;440;81;;
399;440;22;;
399;1222;12;;
399;3052;33;;
400;401;11;;
401;405;10;;
402;406;1;;
402;2812;23;;
403;404;11;;
403;406;8;;
404;405;16;;
404;406;1;;
404;2815;5;Kura;
404;2817;6;;
405;408;6;;
405;2815;4;Kura;
406;2812;3;;
406;2814;8;;
406;2816;3;;
406;2817;3;;
408;2567;8;Kura;
408;2571;4;;
408;2808;12;Kura;
408;2815;1;;
409;410;8;;
409;411;9;;
409;412;7;;
409;662;5;;
410;411;8;;
410;436;2;;
410;437;1;;Danube
410;672;26;;
410;3116;8;Tisza;
410;3117;4;Danube;Danube
410;3119;17;Danube;Danube
411;437;10;Danube;Danube
411;662;13;;Danube
412;662;7;;
412;690;14;;
413;414;26;;
413;415;32;;
413;418;5;;
413;1021;23;;
413;1022;95;Baoulé;
413;1023;3;;
413;1024;3;;
413;1025;36;Bafing;Bafing
413;1294;23;Senegal;Senegal
413;1296;28;;
413;1297;32;;
414;415;43;Gambia;
414;416;17;;
414;417;13;;
414;418;23;Gambia;
415;417;10;Gambia;
415;1293;50;;Senegal
415;1294;10;Senegal;Senegal
415;1324;11;;
415;1325;14;;
415;1328;12;Gambia;
416;417;7;;
416;418;8;;
416;1017;22;Geba;
416;1018;8;;
417;1018;11;;
417;1270;8;;
417;1271;4;;
417;1272;16;;
417;1324;12;Gambia;
417;1328;21;Gambia;
417;1329;6;;
418;1017;10;;
418;1023;22;Gambia;
418;2699;4;;
418;2701;4;;
419;420;10;;
419;421;99;;Niger
419;962;55;;
419;964;40;;Niger
419;967;26;;
420;421;10;;
420;422;24;;
420;964;21;Niger;Niger
420;972;16;;Niger
420;973;13;;
420;974;20;;
421;422;16;;
421;423;63;Niger;Niger
421;967;6;;
421;2967;21;Niger;Niger
421;3054;69;;
421;3056;26;;
422;423;40;;
422;426;7;;
422;974;13;;
422;1358;30;;
423;426;4;;
423;427;62;;
423;2967;30;;Niger
423;2968;8;;
423;3053;9;;
424;425;25;;
424;426;4;;
424;427;47;;
424;428;38;;
424;429;1;;
424;1663;17;;
424;2968;16;;
425;426;7;Ouémé;
425;429;9;Ouémé;
425;1359;11;Ouémé;
426;427;15;;
426;980;2;;
426;981;12;;
426;1358;17;Ouémé;
426;1359;16;;
427;2968;28;;
428;429;1;;
429;1359;2;;
429;1721;9;Ouémé;
430;431;21;;
431;948;21;;
432;433;8;;
432;435;3;;
432;1448;6;Mur;
432;2546;7;Mur;
432;3118;9;;
433;434;5;Mur;
433;435;11;Mur;
433;436;14;;
433;3117;2;;
433;3118;20;;
433;3119;8;;
434;435;4;Mur;
434;436;9;Mur;
434;437;3;;
434;2750;11;;
434;2752;12;;
435;1448;13;Drava;
435;1450;6;;
435;2750;13;;
436;437;25;Mur;Danube
436;3119;18;;Danube
437;648;5;;
437;654;12;Mur;Danube
437;662;4;Danube;Danube
437;2752;20;Mur;
438;1451;4;;
438;2492;8;;
439;440;6;;
439;1763;16;;
439;1764;13;;
440;495;15;;
440;497;2;;
440;1209;47;;
440;1216;22;;
440;1219;98;;
440;1220;83;;
440;1221;1;;
440;1222;18;;
440;1223;39;;
440;1763;5;;
440;2521;187;;
441;442;29;;
441;443;75;;
441;1307;12;;
441;1308;93;Cuando;Zambezi
441;1321;19;;
441;1322;10;;
441;1323;44;;
442;443;27;;
442;444;70;;
442;904;11;;
442;906;69;Zambezi;Zambezi
442;1308;2;;Zambezi
442;2368;62;;
443;444;48;;
443;445;32;;
443;896;60;Limpopo;
443;897;22;Notwane;
443;1323;55;;
443;2795;21;;
444;445;34;;
444;896;37;Limpopo;
444;902;38;;
444;2368;55;;
446;537;17;;
446;1178;83;;Indus
446;1426;14;;
446;1433;3;;
446;1453;31;;
447;448;16;;
447;449;16;;
447;1949;14;;
447;3164;7;;
447;3165;12;;
448;449;6;;
448;450;12;;
448;1951;27;;
449;450;7;;
449;451;8;;
449;3163;1;;
449;3164;18;;
450;451;8;Maritsa;
450;694;29;Maritsa;
450;1951;13;;
450;1952;2;;
451;694;8;Maritsa;
451;695;16;;
451;3162;3;;
451;3163;19;Maritsa;
452;453;14;;
452;457;16;Sreng;
452;458;13;;
452;460;5;;
453;455;21;;
453;457;1;;
453;460;24;;
453;2461;12;Mun;
453;2462;2;;
454;455;8;;
454;456;8;;
454;457;25;;
454;868;13;;
454;1026;12;;
454;2789;28;;
455;456;21;;
455;457;9;;
455;2461;4;Mun;
455;2478;9;Chi;
456;862;4;Mekong;Mekong
456;864;22;;Mekong
456;865;14;Mekong;Mekong
456;868;31;;Mekong
456;2478;6;Chi;
457;458;11;Sreng;
457;463;10;Tonlé Sap;
457;464;12;Sreng;
457;2789;14;;
458;459;18;river;
458;460;2;;
458;464;16;Sreng;
459;460;6;river;
459;464;8;;
459;466;8;;
459;1896;7;;
459;2456;11;;
459;2477;10;;
460;2450;3;;
460;2456;36;;
460;2461;1;;
460;2462;11;Mun;
461;462;7;;
461;463;21;;
461;1630;5;;
461;2790;19;;
462;463;5;;
462;464;7;;
462;465;1;;
462;466;7;;
463;464;32;;
463;2788;11;;
463;2789;8;Tonlé Sap;
463;2790;10;;
464;465;18;;
464;466;9;;
465;466;7;;
466;1896;7;;
466;1897;1;;
466;1898;10;;
467;1245;38;;
467;1246;26;;
467;1421;48;;
467;1422;29;;
467;1694;45;;
467;2625;45;;
468;469;1;;
468;470;3;;
468;471;13;Teesta;
468;829;14;;
469;470;9;;
469;1431;11;;
470;471;15;;
470;472;5;;
471;472;12;;
471;473;2;;
471;474;9;;
471;829;16;;
471;1039;83;;
471;1040;46;Ganges;Ganges
471;1041;65;Ganges;Ganges
471;1436;38;;
471;1876;22;river;
471;2437;113;Ganges;Ganges
472;473;4;;
472;1430;2;;
472;1431;4;;
472;2798;7;;
473;474;13;;
473;475;9;;
473;2798;6;;
473;2801;2;;
474;475;3;;
474;476;23;;
474;832;63;;
474;833;21;Balak;
474;834;18;;
474;1035;7;;
474;1036;17;Balak;
474;1037;94;;Brahmaputra
474;1039;15;Brahmaputra;Brahmaputra
474;2798;9;;
475;476;4;Manas;
475;2800;11;;
475;2801;9;;
476;477;10;;
476;2800;1;;
476;2802;10;;
477;2800;5;Manas;
477;2802;4;;
478;479;7;;
478;480;6;;
478;1883;9;;
479;480;19;;
479;481;6;;
479;1883;3;;
479;1891;3;;
479;1892;12;;
479;1893;3;;
480;481;19;;
480;484;16;;
480;1884;10;;
481;483;12;;
481;484;14;;
481;1891;9;;
482;483;12;;
482;484;25;;
482;1889;33;;
482;1890;21;;
483;484;10;river;
483;1891;2;;
484;1884;6;;
484;1885;18;river;
484;1889;19;;
485;486;4;;
485;2071;2;;
485;2072;8;;
485;3202;5;;
485;3220;9;;
486;2071;6;;
487;488;2;;
487;489;3;;
487;2182;5;;
487;2559;10;Yaque del Norte;
488;489;14;;
488;490;10;;
488;2182;10;;
488;2183;12;;
489;490;1;;
489;2559;5;;
489;2563;3;;
489;2564;12;;
490;491;10;;
490;492;1;;
490;2183;6;;
490;2563;11;;
491;492;2;;
491;1662;2;;
492;2184;10;;
492;2563;1;;
493;494;15;Yobe;
493;949;31;;
493;950;9;Yobe;
493;965;16;;
493;1238;51;;
494;950;57;;
494;955;48;;
494;965;31;Yobe;
494;968;56;;
494;2965;13;Gongola;
495;496;51;;
495;497;1;;
495;816;1;;
495;1216;16;;
496;497;27;;
496;815;8;Tigris;Tigris
496;816;38;Shatt al-Arab;Shatt al-Arab
496;3099;20;;Euphrates
497;1209;54;;
497;1211;39;;
497;3098;26;Euphrates;Euphrates
497;3099;35;;Euphrates
498;499;14;;
498;500;2;;
498;1807;15;;
498;1808;10;;
498;2707;8;;
499;500;3;;
499;575;1;;
499;576;10;Lempa;
499;1808;6;;
499;1809;4;;
500;575;9;Lempa;
500;1092;4;;
500;1093;10;;
500;2707;8;;
501;502;8;;
501;503;15;;
503;2290;10;;
504;505;32;;
504;506;117;;
504;1034;36;Baram;
505;1034;1;;
506;1593;127;;
507;509;24;;
507;642;15;Mur;
508;509;2;;
508;510;7;;
508;3209;16;;
508;3210;3;;
508;3212;12;;
508;3224;12;;
509;510;18;;
509;642;29;;
509;2491;11;Drava;
509;2517;15;Drava;
509;2545;1;;
510;514;14;;
510;2066;2;;
510;2517;1;;
510;2518;10;;
510;3224;23;;
512;513;124;;
512;994;5;;
512;995;93;;Niger
512;997;109;;Niger
512;1002;4;;
512;1236;38;;
512;1249;20;;
512;1261;96;;
512;1295;139;;
513;1235;224;;
513;1236;21;;
513;1237;101;;
513;1245;106;;
513;1261;114;;
513;2839;41;;
513;2843;45;;
514;2517;7;;
514;2518;3;;
515;516;16;;
515;883;13;Maputo;
515;1313;36;;
515;1349;29;;
516;883;8;;
516;1349;5;;
516;1350;4;;
516;1351;11;;
516;1352;10;;
517;518;15;;
517;519;3;;
517;559;3;;
517;561;9;;
517;562;7;;
517;913;35;Kagera;Kagera
517;3172;8;;
518;519;7;;
518;520;8;;
518;913;13;Kagera;Kagera
518;914;4;Kagera;Kagera
518;3137;7;Kagera;Kagera
519;520;7;;
519;521;2;;
519;522;22;;
519;523;6;;
519;561;6;;
519;3172;3;;
520;523;7;;Kagera
520;3137;6;;
521;522;10;Ruzizi;
521;523;2;;
521;918;7;Ruzizi;
522;561;9;;
522;920;7;;
523;918;5;Kagera;Kagera
523;3134;3;;Kagera
523;3135;5;Kagera;Kagera
523;3137;2;;Kagera
524;525;17;;
524;526;37;;
524;1878;20;;
524;3160;54;;
525;526;12;;
525;834;33;;
525;1035;57;;
525;1036;4;;
525;1038;29;Balak;
525;1877;36;;
526;831;21;;
526;833;15;;
526;834;56;Kaladan;
526;3160;49;;
527;528;17;;
527;530;11;;
527;533;16;;
527;2129;19;;
527;3228;3;;
528;529;13;;
528;530;4;;
528;2505;40;;Ebro
528;2506;21;Ebro;Ebro
528;2507;8;;Ebro
529;2128;2;;
529;2507;8;;
530;531;2;;
530;532;30;;
530;533;19;;
530;2505;48;;Ebro
531;532;7;Garonne;Garonne
531;533;18;Garonne;Garonne
531;534;25;Garonne;Garonne
531;2106;6;;
531;3228;22;;
531;3231;11;Garonne;Garonne
531;3232;11;Tarn;
532;533;2;;Garonne
532;534;13;Garonne;Garonne
532;536;4;Segre;
532;2107;18;;
532;2108;19;;
532;2505;2;;Ebro
532;3187;9;Segre;
533;3228;17;;
534;535;3;;
534;2106;15;Ariège;
534;3187;8;;
535;536;26;;
535;2106;22;;
535;3187;3;;
536;2107;32;;
536;3187;2;;
537;788;17;Panj;Panj
537;789;42;;Panj
537;1178;65;;
537;1181;30;;
537;2859;4;;
538;539;11;;
538;540;11;;
538;553;12;Struma;
538;694;18;;
538;2055;11;;
538;3088;2;;
539;540;6;;
539;3088;9;;
540;541;13;;
540;3084;7;;
540;3086;4;;
540;3087;5;;
540;3088;4;;
541;3084;3;;
541;3085;8;;
542;543;17;;
542;548;2;;
542;551;13;Great Morava;
542;552;10;;
542;570;10;Great Morava;
542;3087;2;;
542;3292;2;;
543;552;5;;
543;3086;8;;
543;3087;7;;
543;3088;9;;
544;545;5;;
544;546;16;;
544;550;10;;
544;677;6;Danube;Danube
544;678;9;Danube;Danube
545;546;18;;
545;677;28;Danube;Danube
545;692;1;;Danube
545;693;14;;Danube
546;547;5;;
546;693;1;;
546;2547;16;;
546;2548;6;;
547;548;2;;
547;549;8;;
547;550;8;;
547;551;7;;
547;2547;10;;
548;549;10;;
548;551;4;;
548;552;18;Struma;
548;3171;6;Struma;
549;550;8;;
549;552;11;;
549;553;2;;
549;686;11;;
549;3162;3;;
549;3169;23;Maritsa;
549;3170;12;;
549;3171;40;;
550;678;11;Danube;Danube
550;686;19;;Danube
551;568;10;;
551;569;2;;
551;570;6;;
551;2547;10;Great Morava;
552;553;18;Struma;
552;3088;8;;
553;554;12;;
553;694;11;;
553;696;3;;
553;3088;5;;
553;3169;15;;
554;3088;12;;
555;557;3;;
555;658;3;;
556;558;2;;
557;558;27;;
557;643;1;;
557;656;4;;
557;658;15;;
557;1480;9;;
557;1484;9;;
558;643;8;;
558;644;1;;
558;645;13;;
558;2627;4;;
559;560;2;;
559;562;4;;
559;913;3;;Kagera
559;1395;6;;
559;2877;6;;
560;913;13;Kagera;Kagera
560;1282;6;;
560;2877;8;;
560;2891;9;;
561;562;12;;
561;920;5;;
561;3172;11;;
562;920;6;Semliki;
562;1395;4;;
562;1396;7;Semliki;
563;564;3;;
564;2190;13;;
564;2343;10;;
565;821;39;;
565;1423;46;;
565;1439;91;;Ganges
566;567;14;;
566;573;6;;
566;574;5;;
566;2548;1;;
566;2549;6;;
566;2550;16;;
566;3294;10;;
567;568;12;;
567;2547;8;Great Morava;
567;2548;11;Great Morava;
567;3294;3;;
568;569;13;;
568;2547;11;;
568;3294;2;;
569;570;4;;
569;3293;3;;
569;3294;10;;
570;3292;3;;
570;3293;3;;
571;574;8;;
571;698;5;;
571;2664;5;;
571;2665;3;;
571;3294;3;;
572;573;9;;
572;574;6;Drina;
572;643;8;Drina;
572;644;4;Drina;
572;2628;7;Drina;
573;574;14;;
573;643;19;;
573;661;7;Drina;
573;2550;26;;
573;2551;7;;
574;698;7;;
574;2628;1;;
574;2629;7;Drina;
574;3294;2;;
575;576;7;Lempa;
575;577;5;;
575;1092;8;;
576;577;9;;
576;1809;3;;
576;1810;3;;
576;2723;8;Lempa;
577;578;18;;
577;1091;8;;
577;1092;12;;
577;1810;4;Lempa;
578;579;13;Ula;
578;580;5;;
578;1091;4;;
578;1810;2;;
578;2693;6;Ula;
579;580;7;;
579;581;6;;
579;582;2;;
579;2693;16;Ula;
579;2695;2;;
580;581;14;;
580;1810;4;Lempa;
580;1811;12;;
581;582;10;;
581;1811;1;;
582;590;8;;
582;2695;9;;
583;584;2;;
583;585;41;Coco;
583;586;32;;
583;1793;25;Grande de Matagalpa;
583;2617;20;;
584;585;5;;
584;586;16;Coco;
584;587;25;;
584;1794;31;;
584;2694;17;;
584;2695;12;;
585;1794;14;;
586;587;7;Coco;
586;588;11;Coco;
586;591;3;;
586;2617;14;;
586;2620;9;;
587;588;29;;
587;590;9;;
587;2695;20;;
588;591;18;Coco;
589;590;18;;
589;1812;17;;
589;2620;2;;
590;591;11;Coco;
590;2695;6;;
591;2620;14;Coco;
592;593;7;Mira;
592;594;6;Mira;
592;1580;17;;
592;2741;20;;
592;2744;12;;
592;2745;4;;
593;594;26;;
593;595;11;;
593;596;24;;
593;1570;44;;
594;595;8;;
594;2741;20;Mira;
595;596;39;Putumayo;
595;1108;15;;
595;1109;42;Napo;
595;2738;13;;
595;2741;5;Mira;
595;2744;3;;
596;1107;9;Putumayo;
596;1108;28;Putumayo;
596;1570;25;Japurá;Japurá
596;2755;55;Japurá;Japurá
597;1658;13;;
598;1660;7;;
598;2498;6;;
599;600;24;;
599;1120;66;;
600;601;47;Pilcomayo River;
600;602;54;;
600;611;9;;
600;613;82;;
600;1120;11;;
601;602;70;Pilcomayo River;
601;603;15;Paraná River;Paraná River
601;607;23;Paraná River;Paraná River
601;608;105;Bermejo;
602;603;7;Paraná River;Paraná River
602;613;26;;
602;614;30;Paraná River;Paraná River
602;2610;36;Paraná River;Paraná River
602;2612;5;Paraná River;Paraná River
603;607;9;Paraná River;Paraná River
603;2612;9;;Paraná River
603;2614;12;;
604;605;9;Paraná;Paraná
604;606;13;;
604;616;18;;
604;617;19;Paraná;Paraná
604;2611;33;;
604;2613;20;;
605;606;46;Paraná;Paraná
605;609;20;Uruguay;Paraná
605;617;30;;Paraná
605;618;20;;
606;609;20;Paraná;Paraná
606;610;16;;Paraná
606;2613;31;;
607;608;12;Paraná River;Paraná River
607;609;21;Paraná;Paraná
607;610;24;;Paraná
607;2614;11;;
608;609;18;Paraná River;Paraná River
608;2822;44;;Paraná River
608;2824;62;;
609;610;18;Paraná;Paraná
609;1442;2;;
609;2822;54;Paraná River;Paraná River
610;2613;5;;
610;2614;23;;
611;612;52;;Paraná River
611;613;84;;
611;1120;67;Grande;Grande
611;1123;17;Guaporé;
611;1124;107;;Grande
611;1125;128;Guaporé;
611;2796;70;Yapacaní;Grande
612;613;44;Paraná River;Paraná River
612;614;22;;Paraná River
612;615;50;;
612;616;32;;
612;617;36;Paraná;Paraná
612;1125;135;Paraná River;Paraná River
612;1505;79;Paraná;Paraná
612;2791;61;;
612;2793;13;Paraná;Paraná
613;614;10;Paraná River;Paraná River
614;615;39;;
614;2610;21;;Paraná River
615;616;13;;
615;2610;22;;
616;617;19;Paraná;Paraná
616;2610;25;Jejuí Guazú;
616;2611;13;;
617;618;115;;
617;1505;144;Paranapanema;Paraná
619;620;19;;
619;622;1;;
619;2144;7;;Waal
620;622;8;Scheldt;
620;1478;10;Scheldt;
621;622;28;;
621;623;10;;
621;2144;16;Waal;Waal
622;623;5;;
622;1478;20;Scheldt;
623;1478;10;;
624;625;12;Rhine;Rhine
624;626;13;Rhine;Rhine
624;627;12;Rhine;Rhine
624;628;23;Rhine;Rhine
624;629;12;Rhine;Rhine
624;630;1;;Rhine
624;632;4;Rhine;Rhine
624;2715;21;;Rhine
625;626;4;;Rhine
625;630;12;Rhine;Rhine
626;627;9;Rhine;Rhine
626;630;9;;
626;2417;5;;
627;632;9;Rhine;Rhine
627;2414;1;;
627;2415;11;;
627;2417;2;;
628;629;9;Rhine;Rhine
628;3248;5;;
629;632;6;Rhine;Rhine
629;633;8;;
629;2414;5;;
629;3248;14;;
630;631;7;Rhine;Rhine
630;2417;5;;
630;2418;9;;
632;2414;15;;
632;2415;2;;
633;634;6;Doubs;
633;2414;4;;
633;3248;1;;
633;3269;5;;
634;636;6;Doubs;
634;637;21;Doubs;
634;638;13;Doubs;
634;2414;8;Doubs;
634;3269;24;Doubs;
635;636;7;Rhône;Rhône
635;637;19;;Rhône
635;3233;15;Rhône;Rhône
635;3247;11;Sane;Rhône
635;3270;13;Sane;
636;637;6;;
636;638;6;;
636;2414;4;;
636;2419;15;Rhône;Rhône
637;3266;8;Doubs;
637;3269;3;;
637;3270;15;Doubs;
638;2414;9;Doubs;
638;2419;6;;
639;640;10;Guadiana;
639;641;15;Guadiana;
639;1456;56;Guadiana;
639;1465;17;;
639;1467;5;;
639;2116;14;;
639;3282;19;Guadiana;
639;3283;20;;
640;641;21;;
640;1467;20;Guadiana;
640;2117;14;;
640;2119;13;;
641;1456;12;;
641;1457;5;Tagus;Tagus
641;2119;19;Tagus;Tagus
642;2545;15;Drava;
642;2546;6;;
643;644;10;Drina;
643;661;2;;
643;1483;9;Drina;
643;1484;2;;
643;1485;13;Drina;
644;645;8;;
644;2628;5;;
645;2627;10;;
645;2628;6;;
645;2629;1;;
645;2630;6;;
646;647;18;Sava;
646;648;2;;
646;649;12;;
646;650;7;;
646;1450;18;Sava;
646;2750;11;;
646;2752;6;Sava;
647;648;14;Sava;
647;649;23;;
647;652;9;;
647;656;13;;
647;1480;21;;
647;1481;8;;
648;652;6;Sava;
648;653;8;Sava;
648;654;2;;
648;2752;19;Sava;
649;650;7;;
649;651;15;;
649;656;9;;
650;651;6;;
650;1450;9;;
650;1451;8;;
650;2065;11;;
650;2519;8;;
651;656;11;;
651;2064;16;;
651;2065;25;;
652;653;13;Sava;
652;1481;7;;
652;1482;15;;
652;2752;2;;
653;654;7;Sava;
653;655;1;;
653;1482;3;;
654;655;5;Sava;
654;659;12;Danube;
654;662;8;Danube;Danube
655;659;7;Sava;
655;660;6;Drina;
655;661;2;;
655;1482;15;;
656;657;17;;
656;658;9;;
656;1480;9;;
657;658;12;;
657;2064;15;;
659;660;17;Sava;
659;662;18;Danube;Danube
659;690;2;;Danube
659;1486;10;Danube;Danube
660;661;12;Drina;
660;1486;3;;
660;2551;18;Drina;
661;1482;11;Drina;
661;1483;11;Drina;
661;2551;5;Drina;
662;690;15;Tisza;Danube
663;664;20;Morava;Danube
664;665;15;;
664;670;21;;Danube
665;666;22;;
665;668;8;;
665;670;17;;
667;668;12;;
667;3116;3;;
667;3121;18;;
667;3122;26;;
668;669;21;;
668;670;21;;
668;3121;1;;
669;670;3;;
669;672;13;Danube;Danube
669;3121;15;;
670;671;17;Danube;Danube
670;672;9;;Danube
671;672;7;Danube;Danube
671;3117;14;;
671;3118;6;;
672;3116;18;;
672;3117;12;Danube;Danube
672;3120;21;Danube;Danube
672;3121;4;;
673;674;27;Oder;Oder
673;675;27;;Oder
673;3038;39;Warta;
674;675;27;Oder;Oder
674;676;66;;Elbe
674;2717;64;;Elbe
674;2718;36;;
675;676;13;Oder;Oder
675;1158;21;;
675;3038;31;;
676;2717;1;;Elbe
677;678;15;;Danube
677;692;18;Danube;Danube
677;693;0;;Danube
677;2531;21;;
678;686;9;Danube;Danube
678;687;22;;Danube
678;2531;8;;
678;2533;4;;
679;680;13;Danube;Danube
679;681;1;;
679;683;1;;Danube
679;684;7;;Borcea branch
679;685;10;;
679;3165;2;;
679;3166;14;;
680;683;6;;Danube
680;684;15;Borcea branch;Danube
680;2529;5;;
680;2596;29;Ialomița;Borcea branch
681;682;2;;Danube
681;683;17;Danube;Danube
681;689;11;;
681;3166;12;;
681;3167;7;;
682;683;20;;Danube
682;687;14;Olt;
682;688;8;Danube;Danube
682;689;8;Danube;Danube
682;2528;7;;
682;2530;7;;
683;2528;7;;
683;2529;13;;
684;685;22;;
684;719;17;;
684;2595;2;;
684;2596;13;Danube;Danube
685;1949;14;;
685;3165;6;;
686;687;3;;Danube
686;688;18;;
686;3170;4;;
687;688;12;Danube;Danube
687;2530;13;;
687;2533;16;Olt;
688;689;10;;Danube
688;3170;24;;
689;3163;2;;
689;3164;7;;
689;3167;12;;
689;3168;13;;
689;3170;3;;
690;691;13;;
690;1486;2;;Danube
691;692;10;Danube;
691;693;7;Danube;Danube
691;1486;13;Danube;Danube
691;1487;6;Danube;Danube
692;693;17;Danube;Danube
692;2531;6;;
692;2532;11;;
693;1487;10;Great Morava;Danube
693;2548;15;;
694;695;28;;
694;696;22;;
695;696;9;;
695;3162;5;;
696;3162;15;;
696;3169;11;;
697;698;5;;
697;699;22;Bojana;
697;2063;14;Drin;
697;2664;1;;
698;699;1;;
698;2629;3;;
699;2627;6;;
699;2629;8;Drina;
699;2630;5;;
700;701;11;Prut;
700;702;5;Prut;
700;703;5;Prut;
700;705;14;;
700;714;12;Prut;
700;715;15;;
701;702;10;Prut;
701;714;17;Prut;
701;720;2;;Dniester
701;721;6;;
702;703;10;Prut;
702;721;3;;
702;2632;7;;
702;2633;1;;
703;704;8;;
703;705;3;;
703;2632;2;;
704;705;5;Prut;
704;706;5;;
704;2633;8;;
705;706;15;Prut;
705;707;2;;
705;708;1;;
705;709;19;;
705;715;7;;
705;2542;20;;
706;707;7;Prut;
706;2631;4;;
706;2633;5;;
707;708;6;;
707;2631;7;;
708;709;5;Prut;
708;710;7;;
708;729;2;;
708;2430;7;;
708;2631;2;;
709;710;4;Prut;
709;711;7;Prut;
709;713;12;Prut;
709;2536;1;;
709;2542;3;;
709;2543;13;;
710;711;5;;
710;729;3;;
710;731;3;;
711;712;6;;
711;713;1;;
711;731;7;;
712;713;10;Prut;
712;718;2;;
712;730;4;;
712;731;14;;
713;718;1;;
713;719;2;;Danube
713;2536;17;;
713;2595;9;;Danube
714;715;23;;
714;717;26;Prut;
714;720;3;;Dniester
714;2405;21;Dniester;Dniester
714;2406;18;Dniester;Dniester
715;716;3;;
715;717;1;;
715;2526;10;;
715;2540;1;;
715;2541;10;;
715;2542;22;;
716;717;11;Tisza;
716;2525;2;;
716;2526;22;;
716;2527;16;;
717;733;32;;Dniester
717;2406;32;Dniester;Dniester
718;719;33;Chilia branch;Danube
718;720;13;;
718;723;1;;
718;724;15;;
718;725;11;;
718;726;12;Dniester;
718;727;22;Dniester;Dniester
718;728;8;;
718;729;7;;
718;730;17;;
718;731;12;;
718;1948;46;;
718;2409;11;Southern Bug;
718;2427;7;;Dniester
719;731;0;;Danube
719;2595;14;Danube;Danube
720;721;8;Dniester;Dniester
720;722;10;Dniester;Dniester
720;723;12;Dniester;Dniester
720;724;1;;
720;2405;32;;Dniester
720;2408;23;;
720;2409;8;Southern Bug;
721;722;3;;Dniester
721;2632;10;;
722;723;2;;Dniester
722;2428;7;Dniester;Dniester
722;2632;6;Dniester;Dniester
723;724;2;;Dniester
723;2428;9;Dniester;Dniester
723;2429;8;;Dniester
724;2427;1;;Dniester
724;2429;9;Dniester;Dniester
725;726;2;;
725;2426;7;Dniester;Dniester
725;2427;4;;
726;727;9;Dniester;Dniester
726;728;3;;Dniester
726;2426;2;;Dniester
727;728;7;;Dniester
728;729;9;;
728;2426;9;;Dniester
728;2430;2;;
729;731;11;;
729;2430;8;;
730;731;17;;
732;733;15;;
732;3035;48;Vistula;Vistula
732;3039;6;Vistula;Vistula
733;2406;19;;
734;735;11;;
734;2643;6;;
734;2647;1;;
735;2647;10;Daugava;Daugava
736;737;9;Neman;
736;1158;2;;
737;2558;21;;
738;739;47;;
738;740;19;;
738;3010;57;;
738;3024;76;;Dnieper
738;3025;15;Moskva;
739;740;34;;
739;2803;65;;
740;741;26;;
740;742;14;;
740;3006;27;;
740;3010;39;;
741;742;46;;
741;743;17;;
741;744;12;;
741;2404;42;;
742;743;62;;
742;746;18;;
742;2999;13;;
742;3006;61;;
743;744;54;;
743;745;28;;
743;746;47;;
744;745;13;;
744;748;36;Donets;
744;2404;35;;
744;2407;38;;
745;746;25;;
745;747;66;;
745;748;44;;
746;747;35;;Don
746;1201;10;Khopyor;
746;1203;54;Khopyor;
746;2999;40;;Don
746;3000;49;;
747;748;31;;
747;1203;112;;Don
747;2204;107;;
747;3033;9;;
748;1947;32;;
748;2407;28;;
749;753;99;Qezel Uzan;
749;759;4;Aras;
749;2488;25;;
750;751;7;Aras;
750;752;4;Aras;
750;2953;23;;
751;752;15;;
751;2821;12;;
752;2821;4;;
753;754;2;;
753;755;9;;
753;756;11;;
753;757;14;;
753;758;9;;
753;759;7;Aras;
753;760;10;Aras;
753;761;4;Aras;
753;762;30;;
753;2209;2;;
753;2488;11;Qezel Uzan;
754;755;10;Aras;
754;761;10;Aras;
754;2572;7;Kura;
754;2806;9;Aras;
755;756;12;;
755;761;1;;
755;2207;2;;
755;2573;2;;
755;2806;8;;
756;757;4;;
756;2208;4;;
756;2210;7;;
757;758;7;;
757;2210;1;;
758;2209;11;;
758;2210;3;;
759;760;4;Aras;
759;2568;9;;
760;761;4;;
760;2568;7;;
760;2818;3;;
761;2572;1;;
761;2818;12;Kura;
762;2209;5;;
762;2211;5;;
762;2488;14;;
762;2489;20;;
763;764;88;;
763;765;31;;
763;766;32;;
763;768;67;;Selenga
763;769;336;Vitim;
763;3007;375;;
763;3324;219;;Selenga
764;765;85;;Shishged
764;766;59;;Selenga
764;770;69;;Ider
764;3063;69;;Ider
765;767;123;;
765;770;37;;
765;2053;147;;Yenisey
765;3007;58;;
765;3008;43;;
766;768;29;Selenga;Selenga
766;3062;43;;
766;3063;61;;
766;3064;21;;
766;3066;7;;
767;770;65;;
768;769;24;;
768;771;3;;
768;3061;68;;
768;3062;100;;
768;3064;9;;
769;771;72;;
769;772;12;Amur;Amur
769;773;149;;
769;1997;41;;
769;3007;119;;
770;3063;35;;
771;3062;51;Kherlen;
771;3067;9;Kherlen;
772;773;241;Amur;Amur
772;774;101;Amur;Amur
772;775;52;Ussuri;Amur
772;776;116;Ussuri;
772;777;227;;
773;774;21;;Amur
773;775;395;;
773;1997;234;;
774;775;100;;Amur
775;776;175;;
775;1925;128;;Kolyma
775;1932;36;;
775;1997;444;;
776;777;33;;
776;778;5;Tumen;
777;778;52;Tumen;
777;779;53;Yalu;
777;780;35;Yalu;
777;781;97;;
778;779;24;;
778;1924;9;;
779;780;20;;
779;1924;55;;
780;781;7;Yalu;
780;782;23;;
780;1918;15;;
780;1924;22;;
781;782;37;Yalu;
781;1916;44;;
782;1918;29;;
783;784;29;;
784;785;37;;
784;1167;18;;
785;786;46;;
785;1167;50;Zeravshan;
786;787;32;;
786;792;51;;
786;1167;2;;
786;1170;22;;
787;788;20;;
787;791;24;Amu Darya;Amu Darya
787;792;13;;
788;789;24;Panj;Panj
788;790;30;Panj;Panj
788;791;10;Amu Darya;Amu Darya
789;790;17;;Panj
789;2859;7;;
789;2869;24;;
790;791;7;;Amu Darya
790;2869;21;;
790;2870;1;;
791;792;4;Amu Darya;Amu Darya
791;793;16;;
791;2867;30;;
791;2870;39;;
792;793;25;Amu Darya;Amu Darya
792;794;18;;
792;795;105;;
792;798;10;;
792;1168;42;;
792;1169;33;Amu Darya;Amu Darya
792;1170;61;Amu Darya;Amu Darya
793;794;34;;
793;2867;25;;
794;795;26;;
794;796;27;;
794;2867;25;;
794;2868;14;;
795;796;36;;
795;797;31;;
795;798;110;;
796;797;47;;
796;2868;24;;
797;798;5;;
797;1173;39;Hari;
797;1174;14;;
797;1177;65;;
797;2868;53;Hari;
798;1162;46;;
798;1168;71;;
798;1171;18;;
798;1173;98;;
799;800;32;;
799;801;8;;
799;802;16;;
799;1217;43;;Tigris
799;1218;38;;
800;802;10;;
800;2972;22;Tigris;Tigris
800;2973;20;Tigris;Tigris
800;2974;1;;Tigris
801;802;17;;
801;803;36;Euphrates;Euphrates
801;1218;29;;Euphrates
801;2490;4;;
802;803;13;;
802;805;12;Euphrates;Euphrates
802;2971;28;Euphrates;Euphrates
802;2972;24;;Euphrates
803;804;17;;
803;805;15;Euphrates;Euphrates
803;806;10;;
803;807;24;;
803;2490;19;;
804;805;21;;
805;806;5;;
805;2951;23;;
805;2970;9;;
805;2971;9;Euphrates;Euphrates
806;807;16;;
806;808;2;;
806;2970;6;;
807;808;4;;
807;2490;24;;
808;2490;12;;
809;810;29;;
809;811;10;;
809;812;28;;
809;1489;9;;
809;1490;18;;
810;811;47;;
810;2488;24;Qezel Uzan;
810;3107;32;;
811;812;38;;
811;813;40;;
811;3107;25;Karkheh;
811;3108;10;Karkheh;
812;813;6;;
812;814;29;;Tigris
812;1489;38;Tigris;Tigris
812;3096;7;Tigris;Tigris
812;3097;2;;Tigris
813;814;26;;
813;815;29;;
813;816;11;;
813;3108;48;Karkheh;
814;815;23;Tigris;Tigris
814;3097;22;Tigris;Tigris
814;3098;14;;
814;3099;12;Shatt al-Hayy;Shatt al-Hayy
815;816;21;Karkheh;
815;3099;27;;
816;1821;7;;
816;3102;8;;
816;3103;26;;
816;3104;36;;
816;3108;37;;
817;818;9;;
817;1213;10;;
817;1214;12;;
818;819;2;;
818;1213;11;;
819;1208;2;;
819;1212;13;;
819;1213;30;;
820;822;32;Ghaghara;
820;823;14;;
820;1440;15;;
820;1441;22;;
821;822;35;;
821;1439;12;;
822;1439;12;;
822;1441;30;Ghaghara;
823;824;28;Gandaki;
823;1438;12;Gandaki;
823;1440;12;;
824;825;14;;
824;1437;6;;
824;1438;17;Gandaki;
825;826;16;;
825;1437;21;;
826;827;36;;
826;1436;19;;
826;1437;11;;
827;828;34;;
827;1436;17;Sapt;
828;829;36;;
828;1436;17;;
829;1436;14;;
830;831;100;;Irrawaddy
830;836;26;;
831;832;34;;
831;833;38;;
831;836;21;;Irrawaddy
831;3160;41;Myittha;
831;3161;57;Irrawaddy;Irrawaddy
832;833;39;Balak;
833;834;13;Balak;
834;1035;12;;
835;836;12;;
835;837;31;;
835;850;23;Mekong;Mekong
835;851;2;;
835;852;16;;
835;2469;14;;
836;837;28;;
836;838;15;;
836;839;40;;Salween
836;840;3;;
836;850;20;Mekong;Mekong
836;3161;126;;
837;838;61;;
837;841;21;;
837;2469;9;;
837;2476;34;Ping;
838;839;29;;
838;840;23;Salween;Salween
838;841;8;;
839;840;25;Salween;Salween
840;841;62;;
840;842;14;;
840;843;68;;Salween
840;1880;46;;
840;3161;7;;
841;842;14;Mae Klong;
841;2459;10;Mae Klong;
841;2468;22;Ping;
841;2469;12;Ping;
841;2470;7;;
841;2471;2;;
841;2476;12;Ping;
842;843;7;;
842;844;33;;
842;847;13;Mae Klong;
842;2452;28;;
842;2459;10;Mae Klong;
842;2467;3;;
843;844;9;;
843;1879;9;;
843;1880;21;;
844;845;35;;
844;846;16;;
844;847;9;;
844;848;7;;
844;849;20;;
845;846;10;;
845;848;8;;
846;847;21;;
847;2467;10;Mae Klong;
848;849;27;;
848;1894;7;;
849;1881;1;;
849;1894;9;;
850;851;9;Mekong;Mekong
851;852;6;;
851;853;46;;
851;854;15;;
851;855;2;;
851;856;12;;
851;867;28;Mekong;Mekong
851;870;21;Mekong;Mekong
852;853;16;;
852;2469;16;;
852;2475;4;;
853;854;14;Yom;
853;2475;18;;
854;855;24;;
854;2470;12;Yom;
854;2475;13;Yom;
855;856;17;;
855;2468;4;;
855;2470;16;Yom;
855;2472;13;;
855;2473;16;Yom;
856;867;13;Mekong;Mekong
856;2450;5;;
856;2463;17;;
856;2465;9;;
856;2472;25;;
857;858;22;Mekong;Mekong
857;859;8;Mekong;Mekong
857;860;6;;Mekong
857;2451;12;;
858;859;5;Mekong;Mekong
858;860;3;;Mekong
858;861;27;;Mekong
858;866;4;Mekong;Mekong
858;867;32;;
858;874;18;;
858;875;12;;
858;876;11;;
859;866;28;Mekong;Mekong
859;867;1;;Mekong
859;2451;4;;
859;2465;34;Mekong;
860;861;24;Mekong;Mekong
860;862;2;;Mekong
860;863;6;;Mekong
860;2451;29;;
861;862;39;;Mekong
861;876;9;;
861;877;27;;
862;863;14;Mekong;Mekong
862;864;7;Mekong;Mekong
862;865;36;;Mekong
862;877;4;;
862;878;12;;
863;864;4;Mekong;Mekong
863;2451;5;;
863;2460;7;;
863;2461;4;;
863;2478;10;;
864;2478;19;;
865;868;17;;Mekong
865;878;7;;
865;879;1;;
865;880;27;Kong;
866;867;22;Ngun;Mekong
866;2465;4;Mekong;Mekong
867;870;23;;Mekong
867;875;25;;
867;2465;2;;Mekong
868;880;8;;
868;882;34;Kong;
868;1026;23;Mekong;Mekong
869;870;13;;
869;872;23;;
869;1031;33;Black;
870;871;18;;
870;872;4;;
870;875;18;;
871;872;30;;
871;873;22;;
871;874;19;Cả;
871;875;33;;
872;873;6;;
872;1030;11;Black;
872;1031;3;;
872;2379;13;Black;
872;2381;23;;
872;2383;5;;
873;874;26;;
873;1911;11;;
873;1912;2;;
873;2379;18;;
874;875;26;Cả;
874;876;10;Cả;
876;877;19;;
877;878;9;;
878;879;12;;
879;880;7;Kong;
879;881;9;;
880;881;26;;
880;882;27;;
881;1910;13;;
882;1026;13;Kong;
883;884;23;;
883;885;36;;
883;888;43;;
883;889;6;;
883;890;7;;
883;1349;32;Pongola;
883;1352;22;Pongola;
884;885;1;;
884;886;4;;
884;887;6;;
884;890;18;Orange;
885;886;15;;
885;887;16;Caledon;
885;888;45;Orange;
885;891;5;Caledon;
885;892;7;Caledon;
885;893;14;Caledon;
885;894;10;;
885;898;66;Vaal;Vaal
885;1349;38;Vaal;Vaal
885;2516;16;Vaal;Vaal
886;887;19;;
887;890;11;;
887;891;16;Caledon;
888;889;16;;
888;894;3;;
888;895;27;;
888;1537;91;;
889;890;15;Orange;
889;894;8;Orange;
889;895;5;Orange;
890;891;4;;
890;892;9;;
890;893;4;;
890;894;8;;
891;892;15;;
892;893;24;;
892;894;1;;
893;894;24;;
894;895;20;Orange;
896;897;22;Marico;
896;898;48;;
896;902;5;Limpopo;
896;1313;32;;
896;1349;120;;
896;2516;6;;
897;898;4;;
897;899;3;;
897;2795;19;;
898;899;16;Notwane;
898;900;27;Molopo;
898;901;52;Molopo;
898;2516;57;;Vaal
898;2795;3;;
899;900;16;;
899;2795;9;Notwane;
900;901;50;;
900;2795;53;;
901;1320;15;;
901;1322;9;;
901;1323;47;;
901;2795;14;;
902;1310;6;;
902;1312;55;Save;
902;1313;34;;
902;2368;60;;
903;904;25;Zambezi;Zambezi
903;905;2;;Zambezi
903;906;22;Kafue;Zambezi
903;1309;14;Luangwa;Zambezi
903;1355;59;;
904;905;60;;Zambezi
904;906;30;Zambezi;Zambezi
904;1310;24;;
904;2368;68;;
904;2369;4;;
905;1309;55;;Zambezi
905;1310;44;Mazowe;
905;2369;3;;
906;1298;56;;
906;1308;10;Zambezi;Zambezi
906;1355;55;Kafue;
907;908;40;;Uele
907;911;20;;Uele
907;935;18;;
907;2810;18;;
908;909;51;;Uele
908;933;26;Koukourou;
908;2810;16;;
909;910;33;Kotto;Uele
911;912;42;;Uele
911;935;40;;
911;938;9;;
911;1340;4;;
911;1341;15;;
912;1338;20;;
912;1341;29;Lobaye;
913;914;10;Kagera;Kagera
913;1282;9;Kagera;Kagera
913;2982;27;;
913;3327;49;;Kagera
914;915;8;;
914;3137;1;;Kagera
915;916;6;;
915;3134;4;;
915;3137;7;Kagera;Kagera
916;917;6;;
916;919;4;;
916;3134;6;;
917;919;8;;
917;3326;7;;
918;919;4;;
918;3135;5;;
919;3134;8;;
919;3135;3;;
919;3136;11;;
919;3326;22;;
920;1391;8;Semliki;
920;1392;4;;
920;1393;9;Semliki;
920;1394;3;;
920;1395;3;;
920;1396;12;Semliki;
920;2768;46;;
921;922;27;;
921;923;93;;
921;924;71;;Blue Nile
921;926;19;;
921;929;108;Blue Nile;Blue Nile
922;923;11;;
922;926;47;;
922;1400;9;;
922;1401;51;;
922;2500;39;;
922;2501;20;;
923;1397;5;;
923;1400;48;Tekezé;
923;1402;39;;
924;925;63;;Blue Nile
924;926;4;;
924;928;5;;
924;929;143;;Blue Nile
925;926;52;;Blue Nile
925;928;63;;
926;1414;28;;
926;2500;32;;Blue Nile
927;928;29;Sobat;
927;929;42;;
927;930;36;Akobo;
928;929;12;;
928;930;65;Sobat;White Nile
928;1414;22;White Nile;White Nile
928;1415;63;;
928;1416;3;;White Nile
929;1243;55;;
929;3132;20;;
929;3133;20;;
930;1416;61;White Nile;White Nile
930;2503;33;White Nile;White Nile
931;932;65;;
931;1263;30;;
931;1264;36;;
931;2784;24;;
931;2785;7;;
932;933;23;Bahr Aouk;
932;934;30;;
932;2784;60;;
933;934;27;Bahr Aouk;
933;935;1;;
933;2810;44;Chari;
934;935;23;;
934;936;42;Ouham;
934;951;12;Chari;
934;2782;7;;
934;2784;57;;
935;936;19;;
935;937;10;;
935;938;43;Ouham;
935;2810;54;;
936;937;27;;
936;2782;20;;
937;938;32;;
937;954;18;Logone;
937;2782;13;Logone;
937;2783;40;Logone;
938;954;9;;
938;956;12;;
938;1340;51;Ouham;
939;940;42;Aïna;
939;941;4;;
939;1284;8;;
939;1285;14;;
939;1286;4;;
939;1339;40;Dja;
939;1668;10;;
939;2787;60;;
940;941;25;Aïna;
940;942;41;;
940;1285;8;;
940;1286;8;;
940;1287;19;;
940;1288;28;;
940;2719;9;;
941;942;22;;
941;943;40;;
941;1338;11;;
941;1339;73;Dja;
942;943;36;;
942;944;11;;
942;945;48;Ivindo;
942;2719;26;;
943;944;32;;
944;945;49;;
944;947;36;;
945;946;36;;
945;2719;1;;
946;948;25;;
946;1669;30;;
946;2719;36;;
948;1669;16;;
949;950;18;Chari;
949;951;56;;
949;1238;8;;
949;2781;23;;
949;2784;15;;
949;2785;27;;
950;951;26;Logone;
950;952;44;Logone;
950;953;9;;
950;954;18;;
950;955;19;;
951;952;37;Chari;
951;2782;25;;
951;2784;24;;
952;953;23;;
952;2782;30;;
953;954;46;;
953;2782;3;;
953;2783;11;;
954;955;55;;Benue
954;956;75;;
954;2783;3;;
955;956;18;;
955;957;58;;Benue
955;2965;14;Gongola;
956;957;32;;
956;958;2;;
956;1339;28;;
956;1340;19;;
956;2786;5;;
956;2787;33;Mbam;
957;958;46;;
957;960;36;;Benue
957;2962;8;;
957;2963;35;Benue;Benue
957;2964;17;Benue;Benue
957;2965;8;;
958;959;24;;
958;960;5;;
958;2786;29;;
959;960;4;;
959;961;44;;
959;1668;39;;
959;2786;9;;
960;961;34;;
960;2959;13;;
960;2964;36;Benue;Benue
960;2966;13;;
960;2967;25;;
961;1667;13;;
961;2958;7;;
961;2959;31;;
962;963;32;;
962;964;16;;
962;966;14;;
962;967;55;;
963;964;21;;
963;966;35;;
963;972;21;;
963;995;42;;
963;1234;96;;
963;1261;11;;
964;972;82;;Niger
965;968;33;;
965;969;89;;
965;1231;3;;
965;1233;14;;
965;1234;62;;
965;1238;68;;
966;967;8;;
966;969;61;;
966;970;28;;
966;1234;12;;
967;970;35;Sokoto;
967;3054;22;Mariga;
968;969;23;;
968;971;25;;
968;2962;25;;
968;2965;24;Gongola;
969;970;18;;
969;971;16;;
969;1234;109;;
970;971;26;;
970;3054;24;;
970;3055;29;;
971;2962;76;Bunga;
971;3055;49;;
972;973;41;;
972;994;7;;
972;995;73;;Niger
972;1335;16;;
972;1336;30;;
972;1337;10;;
972;3186;22;Niger;Niger
973;974;11;Oti;
973;975;6;Oti;
973;1337;1;;
973;3150;26;;
974;975;18;Oti;
974;976;17;Oti;
974;979;10;;
974;1358;13;;
975;976;11;Oti;
975;1356;15;;
975;3150;18;;
976;977;7;;
976;978;20;Oti;
976;979;15;;
976;1356;8;;
977;978;29;White Volta;
977;1356;3;;
977;1357;16;White Volta;
977;1362;11;;
977;1364;14;;
978;979;33;Oti;
978;980;2;;
978;982;26;Oti;
978;984;17;Black Volta;Black Volta
978;985;76;Black Volta;Black Volta
978;993;3;;Black Volta
978;1364;40;;Black Volta
979;980;23;;
979;1358;13;;
980;981;25;;
980;982;21;;
980;1358;17;;
981;982;31;;
981;983;20;;
981;1359;2;;
981;1360;14;;
982;983;15;;
982;985;25;Volta;Volta
982;1720;10;Volta;Volta
982;2714;30;Volta;Volta
983;1360;2;;
983;1361;12;;
984;985;36;;Black Volta
984;986;10;;
984;990;26;Komoé;
984;991;13;;
984;992;11;;
984;993;18;;Black Volta
984;2678;18;Komoé;
984;2681;13;Komoé;
985;986;1;;
985;987;19;;
985;2713;80;;
985;2714;9;;Volta
986;987;18;;
986;988;10;Komoé;
986;1718;1;;
986;2677;21;Komoé;
986;2678;17;Komoé;
987;988;31;;
987;1719;29;;
987;2713;12;;
988;1718;11;Komoé;
989;990;7;Komoé;
989;991;13;;
989;1004;11;Komoé;
989;1006;9;;
990;991;28;Komoé;
990;1004;38;Bagoé;
990;2681;56;Bandama Blanc;
990;2683;29;;
991;992;20;;
991;1005;22;;
991;1006;5;;
991;3141;3;;
992;993;14;;
992;1364;10;Black Volta;Black Volta
992;1365;2;;Black Volta
992;3141;17;;
993;1364;9;Black Volta;Black Volta
994;995;18;;
994;996;17;;
994;997;8;;
994;1335;17;;
995;1261;106;;
996;997;27;;
996;998;9;;
996;1335;4;;
996;3158;13;;
996;3159;12;;
997;998;14;;
997;999;13;;
997;1000;22;;
997;1001;10;;
997;1002;89;;Niger
998;999;24;White Volta;
998;3159;5;;
999;1000;10;;
999;3155;8;White Volta;
999;3156;16;White Volta;
999;3159;9;;
1000;1001;6;;
1000;3154;16;;
1000;3156;10;;
1001;1002;19;;
1001;1003;19;;
1001;3142;6;Black Volta;Black Volta
1001;3154;2;;Black Volta
1002;1003;4;;
1002;1004;41;;
1002;1022;79;;Niger
1002;1295;14;;
1003;1004;18;;
1003;1005;20;;
1003;3142;15;Black Volta;Black Volta
1004;1005;4;;
1004;1006;40;;
1004;1022;92;;
1005;1006;32;Black Volta;Black Volta
1005;3140;19;;Black Volta
1005;3141;9;;
1005;3142;4;Black Volta;Black Volta
1007;1008;6;Cess;
1007;1009;15;Cess;
1007;1014;12;;
1007;1015;11;;
1007;1016;3;;
1007;1713;6;;
1007;1714;11;Cess;
1007;1715;2;;
1008;1009;35;;
1008;1010;23;Sassandra;
1008;2676;7;Sassandra;
1009;1010;4;;
1009;1011;16;;
1009;1715;24;;
1010;1011;17;;
1010;1012;9;;
1010;1717;19;;
1010;2676;19;Sassandra;
1010;2680;17;;
1011;1012;12;;
1011;1715;6;;
1011;1716;5;;
1012;1716;16;;
1013;1014;10;Saint Paul;
1013;1016;8;Saint Paul;
1013;2696;11;;
1013;2697;9;Saint Paul;
1014;1015;12;Saint Paul;
1014;1016;14;;
1015;1710;3;;
1015;1711;2;;
1015;1712;17;;
1015;1713;13;;
1017;1018;23;Geba;
1017;1019;7;;
1017;2698;18;Geba;
1017;2699;14;;
1018;1019;10;Geba;
1018;1020;1;;
1018;1270;21;;
1019;1020;26;;
1019;1707;10;;
1019;2698;19;;
1020;1270;8;Geba;
1020;1705;17;;
1021;1022;20;Niger;Niger
1021;1025;19;;
1021;2703;19;;Niger
1022;1295;41;;
1022;1296;2;;
1023;1024;20;;
1023;2700;1;;
1023;2701;10;Gambia;
1024;1025;17;Bafing;Bafing
1024;2700;9;;
1025;2703;23;;
1026;2789;5;;
1027;1028;2;;
1027;1029;14;;
1027;1030;11;;
1027;2380;17;;
1027;2381;5;;
1028;1029;40;Zuo;
1028;1032;24;;
1028;1033;16;;
1028;1417;93;;Xi
1028;2771;139;Nanpan;Nanpan
1028;2772;111;;
1029;1032;7;;
1029;2380;1;;
1029;2385;18;;
1030;1031;19;Red;
1030;2381;30;Red;
1032;1033;8;;
1032;2385;12;;
1032;2387;24;;
1032;2388;11;;
1033;1914;9;;
1033;2387;12;;
1033;2389;2;;
1035;1036;24;;
1036;1037;31;Balak;
1036;1038;20;Balak;
1037;1038;24;;
1037;1039;5;;
1038;1039;6;Brahmaputra;Brahmaputra
1038;1040;34;Brahmaputra;Brahmaputra
1038;1041;25;Ganges;Ganges
1038;1877;18;Ganges;Ganges
1039;1040;17;;Brahmaputra
1039;1436;4;;
1040;1041;19;Ganges;Ganges
1041;1877;25;;Ganges
1042;1043;41;Ruvuma;
1042;1044;63;;
1042;1540;45;Lúrio;
1043;1044;10;Ruvuma;
1043;1541;51;;
1044;1368;26;;
1044;1369;16;;
1044;1376;4;;
1044;1377;21;;
1044;1540;43;Lúrio;
1044;3325;43;;
1045;1465;3;;
1045;2115;24;;
1045;2116;26;;Guadalquivir
1046;1047;89;;Columbia
1046;1048;49;Snake;Snake
1046;1871;136;Columbia;Columbia
1047;1048;16;;
1047;1049;30;;
1047;1050;285;;Peace
1047;1412;261;;Stikine
1047;1413;231;;Teslin
1047;1996;63;;
1048;1049;187;;
1048;1871;90;Snake;Snake
1048;2440;46;;
1048;2441;38;;Snake
1048;2442;46;;
1049;1050;66;;
1049;1051;93;;
1049;1052;47;;Missouri
1049;2441;118;;Madison
1049;2444;15;;
1050;1051;165;;North Saskatchewan
1050;1996;157;;Slave
1050;3308;73;;Athabasca
1051;1052;43;;
1051;1053;164;;Saskatchewan
1051;1996;125;;
1051;3303;151;;
1051;3308;159;;
1051;3312;126;;
1052;1053;65;;
1052;1054;58;Red of the South;
1052;2444;117;;Missouri
1053;1054;33;;
1053;1055;209;;
1053;1872;103;;
1053;1996;1;;
1053;3299;380;;Nelson
1053;3303;51;;
1053;3304;12;;
1053;3306;132;;
1053;3307;146;;Saskatchewan
1053;3316;60;;
1054;1055;107;Rainy;
1054;2444;51;Minnesota;
1054;2448;80;;
1054;3173;94;Mississippi;Mississippi
1054;3304;24;;
1054;3318;57;;
1055;1056;19;St. Clair;St. Clair
1055;1057;1;;
1055;1059;38;St. Lawrence;St. Lawrence
1055;1060;210;Ottawa;St. Lawrence
1055;1872;50;;
1055;3300;114;;St. Clair
1055;3301;134;;St. Lawrence
1055;3304;106;;
1055;3305;126;;
1055;3318;273;;
1055;3320;224;;St. Clair
1055;3321;152;;
1056;1057;20;;
1056;3173;68;;
1056;3179;31;;
1056;3300;31;;St. Clair
1056;3318;225;;
1056;3319;245;;
1056;3320;187;;St. Clair
1057;1058;20;;
1057;3175;51;Ohio;Ohio
1057;3178;77;Ohio;Ohio
1057;3179;41;;
1057;3300;66;;
1058;1059;92;Delaware;Allegheny
1058;1786;55;;
1058;1787;8;;
1058;1788;49;Delaware;
1058;3178;33;Ohio;Ohio
1058;3300;17;;
1059;1060;22;;St. Lawrence
1059;1061;43;;
1059;1788;27;;
1059;1789;19;;
1059;1791;15;;
1059;3300;34;;Niagara
1059;3301;100;;St. Lawrence
1060;1061;31;;
1060;1062;11;Connecticut;
1060;1063;72;;
1060;1064;54;;
1060;1872;35;;
1060;1873;675;;
1060;3309;188;;
1061;1062;58;Connecticut;
1061;1791;12;;
1062;1063;39;;
1062;1791;30;Merrimack;
1063;1064;74;Saint John;
1064;1874;21;;
1065;1066;107;;
1065;1067;2;;Colorado
1065;1068;64;Colorado;Colorado
1065;1069;87;;
1065;2440;78;;Colorado
1065;2442;50;Colorado;Colorado
1066;1067;22;Colorado;Colorado
1066;1069;2;;
1066;1070;103;;
1066;1777;19;;
1067;1068;39;;Colorado
1067;1744;19;;
1068;1871;65;Klamath;Klamath
1068;2442;195;;Colorado
1069;1070;44;;
1069;1071;131;;Grande
1069;2443;94;;Grande
1069;2447;6;;
1070;1071;96;Grande;Grande
1070;1072;51;;Grande
1070;1777;48;;
1070;3077;92;;
1071;1072;106;Grande;Grande
1071;1073;68;Grande;Grande
1071;1074;5;Grande;Grande
1071;1778;67;Sabine;
1071;2447;207;Red of the South;
1071;3176;17;Red of the South;
1072;1074;113;;Grande
1072;3075;39;;
1072;3077;59;;
1073;1074;141;;Grande
1073;1799;14;;
1073;3074;45;;
1074;3074;36;;
1074;3075;3;;
1075;1076;13;;
1075;1077;9;;
1075;1429;9;;
1075;1796;7;;
1075;1797;8;;
1076;1077;9;;
1076;1080;28;;
1076;1081;14;;
1076;1082;34;Usumacinta;Usumacinta
1076;1086;18;;Chixoy
1076;1089;3;;
1076;1429;11;;
1077;1078;7;;
1077;1079;14;;
1077;1080;3;;
1077;1797;14;;
1078;1079;7;;
1078;1797;6;;
1079;1080;38;;
1079;1797;1;;
1079;1798;63;;
1080;1081;40;Usumacinta;Usumacinta
1080;1798;33;;
1081;1082;75;Usumacinta;Usumacinta
1081;1799;17;;
1082;1083;20;;
1082;1084;27;;
1082;1085;6;;Chixoy
1082;1086;4;Chixoy;Chixoy
1082;1799;10;Grijalva;
1082;1803;23;;
1083;1084;12;Cuilco;
1083;1804;1;;
1083;2710;21;;
1084;1085;20;;Chixoy
1084;2710;2;;
1084;2712;5;;Chixoy
1085;1086;26;Chixoy;Chixoy
1085;2705;7;Motagua;
1085;2709;1;;
1085;2711;16;Chixoy;Chixoy
1085;2712;8;Chixoy;Chixoy
1086;1089;17;;
1086;1093;3;;
1086;2711;12;;Chixoy
1087;1088;9;;
1087;1096;19;;
1088;1814;1;;
1088;2621;3;;
1088;3302;40;;
1089;1090;2;;
1089;1091;9;Motagua;
1089;1092;9;Motagua;
1089;1093;14;Motagua;
1089;1429;10;;
1090;1091;22;Ula;
1090;2693;7;;
1090;2694;17;Ula;
1091;1092;11;;
1091;2693;6;Ula;
1092;1093;6;;
1093;2707;3;;
1093;2708;8;Motagua;
1094;1095;15;;
1094;1096;5;;
1094;1097;7;;
1094;1792;7;;
1095;1096;14;;
1095;1447;14;;San Juan
1095;2753;3;;
1095;2754;23;Chirripó Duchi;
1096;1097;20;;
1096;2753;33;;
1097;1596;5;;
1097;1792;24;;
1098;1099;7;;
1098;1100;35;;
1098;1581;46;;
1098;1638;82;Atrato;
1098;2765;11;;
1099;1100;42;;
1100;1582;20;;
1101;1102;21;;
1101;1103;27;;
1101;1654;20;;
1102;1103;51;;
1102;1653;44;Orinoco;Orinoco
1103;1119;114;;
1103;1154;41;Orinoco;Orinoco
1103;1651;65;Orinoco;Orinoco
1103;1653;6;Orinoco;Orinoco
1103;2399;23;Orinoco;Orinoco
1104;1105;79;;Negro
1104;1106;89;Vaupés;
1104;1107;54;Japurá;Japurá
1104;1108;119;Javary;Amazon
1104;1119;106;;Negro
1104;1123;142;;Madeira
1104;1125;78;Tapajós;Tapajós
1105;1106;12;;Negro
1105;1119;74;Negro;Negro
1105;1157;71;Negro;
1105;2757;36;;Negro
1106;1107;64;Ajajú;Japurá
1106;2755;19;Ajajú;
1106;2757;54;;Negro
1107;1108;178;Putumayo;Amazon
1107;2755;65;Japurá;Japurá
1108;1109;23;Napo;
1108;1110;35;;
1108;1111;24;;
1108;1112;47;;Marañón
1108;1121;64;;Ucayali
1108;2606;113;;
1108;2607;1;;
1109;1110;33;;
1109;2738;38;Napo;
1110;1111;41;Santiago;
1110;2737;3;;
1110;2738;20;;
1111;1112;19;;
1111;1113;12;;
1111;2735;22;;
1111;2736;4;;
1111;2737;4;Santiago;
1111;2739;18;;
1112;1113;22;;
1112;1114;56;Marañón;Marañón
1112;1577;3;;Marañón
1112;2606;43;;
1113;1114;17;;
1113;1115;25;;
1113;1118;5;;
1113;2735;9;;
1114;1118;22;;
1114;1577;50;;Marañón
1114;1578;31;;
1115;1116;9;;
1115;1117;24;;
1115;1118;45;Tumbes;
1115;2735;9;;
1116;1117;7;;
1116;1118;12;;
1117;1554;3;;
1117;2735;12;;
1118;1578;40;;
1119;1154;1;;Orinoco
1119;1157;52;Orinoco;Orinoco
1120;2796;30;Grande;Grande
1121;2602;27;;
1121;2607;65;;Ucayali
1121;2608;31;;
1121;2609;34;;Ucayali
1122;1123;42;Madeira;Madeira
1122;1124;58;Beni;Madeira
1123;1124;124;Guaporé;Madeira
1123;1125;134;;
1124;2796;60;;Mamoré
1125;2791;126;Araguaia;Araguaia
1125;2794;66;Araguaia;Araguaia
1126;1571;33;;
1126;1572;13;;
1126;2602;53;;
1126;3330;66;;
1127;1128;65;;
1127;1129;100;;
1127;2823;61;;
1127;2824;31;;
1127;2827;18;;
1128;1129;19;;
1128;1130;32;;
1128;1131;43;;
1129;1130;107;;
1129;2825;17;;
1129;2827;33;;
1130;1131;68;;
1130;1132;65;San Juan;
1130;1134;4;;
1130;2825;16;;
1131;1134;22;;
1132;1133;34;;
1132;1134;16;Rapel;
1132;1135;25;;
1132;1136;17;;
1132;1137;58;Colorado;Colorado
1132;2825;77;Desaguadero;
1132;2826;52;;Colorado
1133;1134;49;;
1133;1136;41;;
1135;1136;35;;
1135;1137;16;;
1135;1138;35;;
1137;1138;13;;
1137;1139;40;;Bío Bío
1137;1140;22;;
1137;1141;24;;
1137;1143;9;;
1137;1144;121;Limay;Neuquén
1137;2826;1;;Colorado
1138;1140;43;;
1139;1140;72;;Bío Bío
1139;1141;44;;
1141;1143;36;;
1142;1143;57;;
1142;1144;103;;
1142;1145;83;;
1142;1146;62;;
1143;1144;22;;
1143;1145;28;;
1144;1493;36;Negro;Colorado
1144;2826;111;Colorado;Colorado
1145;1146;96;;
1145;1147;37;;
1146;1147;151;;
1147;1148;54;;
1149;1150;41;;
1149;1151;27;;
1149;1152;29;;
1149;1153;13;;
1149;1644;19;;
1149;1645;9;;
1149;1646;20;;
1149;2402;11;;
1150;1151;20;;
1150;1643;6;;
1151;1152;38;;
1151;1641;15;Magdalena;Magdalena
1151;1643;58;;Magdalena
1151;2761;12;Magdalena;Magdalena
1152;1153;23;;
1152;1154;10;;
1152;1156;8;;
1152;2761;36;;
1153;1154;16;Apure;
1153;1644;27;;
1153;2401;9;Apure;
1154;1155;57;;
1154;1156;4;;
1154;1157;42;Meta;Orinoco
1154;2399;26;Cojedes;Orinoco
1154;2401;95;Apure;
1155;1156;16;;
1155;1157;7;Meta;
1155;2759;52;;
1156;1638;8;Magdalena;Magdalena
1156;2759;50;;
1156;2761;77;;
1156;2764;49;;
1157;2757;12;Negro;
1157;2759;38;Meta;
1157;2760;32;;
1158;3037;33;;Vistula
1158;3038;12;;
1159;1160;35;Sepik;
1159;1161;72;;
1159;1553;49;;
1160;1161;25;Sepik;
1160;1558;62;;
1160;2424;9;;
1161;1531;7;;
1161;1564;35;;
1161;2424;37;;
1162;1163;80;;
1162;1165;7;;
1162;1168;30;;
1162;1171;21;;
1162;1172;49;Atrek;
1163;1165;73;;
1163;1166;16;;
1163;1204;89;;
1164;1165;74;;
1164;1166;105;;
1164;1167;98;;
1164;1427;66;Syr Dar;Syr Dar
1164;3095;95;;
1165;1166;49;;
1165;1167;63;;
1165;1168;112;;Amu Darya
1165;1169;53;Amu Darya;Amu Darya
1165;1170;15;;
1166;1194;112;;
1166;1199;186;;Ural
1166;1200;42;;
1166;1204;104;;
1166;3095;44;;
1167;1170;121;;
1168;1169;35;;
1169;1170;15;;Amu Darya
1171;1172;19;;
1171;1173;74;;
1171;2487;26;;
1172;2211;12;;
1172;2487;42;;
1173;1174;72;;
1173;2487;50;;
1173;3109;95;;
1174;1176;53;;
1174;1177;49;;
1174;3106;40;;
1174;3109;24;;
1175;1176;41;;
1175;1177;45;;
1175;1185;33;;
1175;1189;61;;
1176;1177;10;;
1176;1185;148;;
1176;1822;15;;
1176;3106;105;;
1177;1189;34;;
1177;2868;37;;
1178;1179;132;;
1178;1180;12;;
1178;1181;18;;
1178;1407;116;Indus;Indus
1178;1453;29;;
1178;2616;3;;
1179;1180;14;;
1179;1182;31;;
1179;1183;31;;
1179;1184;6;;
1179;1185;36;;
1179;1186;24;;
1179;1407;4;;
1180;1181;26;;
1180;1182;11;;
1180;2861;3;;
1181;2859;10;;
1181;2861;16;;
1182;2860;4;;
1182;2861;20;;
1182;2862;8;;
1183;1184;18;;
1183;1186;5;;
1184;1186;14;;
1184;2858;2;;
1184;2862;26;;
1185;1186;30;;
1185;1187;10;;
1185;1188;95;;
1185;1189;38;;
1185;1407;63;;
1185;1410;108;;
1186;1187;7;;
1186;2858;48;;
1187;1188;58;;
1187;2857;17;;
1187;2858;40;;
1188;1189;56;;
1188;2857;27;;
1189;2857;22;Helmand;
1189;2868;11;;
1189;2871;6;;
1190;1191;37;;
1190;1192;53;;
1190;1193;130;;
1190;1194;68;;
1190;1195;46;;
1190;3094;196;;
1191;1192;89;;Tobol
1191;1193;214;;Irtysh
1191;2997;64;;
1191;2998;205;;Irtysh
1191;3001;1;;
1192;1194;67;Tobol;Tobol
1192;1197;86;;
1192;2997;67;;
1193;1195;57;;Irtysh
1193;1196;112;;
1193;3001;49;;
1194;1197;162;;
1194;1199;43;Tobol;Tobol
1194;3094;96;;
1194;3095;110;;
1195;1196;70;;
1195;1198;51;;
1195;3094;44;;
1195;3095;118;;
1196;1198;177;;Ob
1196;3001;191;;Ob
1196;3005;50;;
1197;1199;45;;Ural
1197;2996;235;;Ural
1197;2997;60;;
1198;3005;76;;
1199;1200;100;;Ural
1199;2996;176;;Ural
1199;3002;22;;
1199;3032;84;;
1200;1201;102;;
1200;1202;16;;
1200;1203;51;;
1200;1204;140;;Ural
1200;3032;3;;
1201;1203;109;;Volga
1201;3000;24;;
1201;3003;29;;
1201;3004;84;;
1201;3032;60;;Volga
1202;1203;46;Volga;Volga
1202;1204;100;;
1202;2204;147;;Volga
1203;2204;60;;
1205;1206;23;;
1205;1207;10;;
1205;1209;23;;
1205;1210;33;;
1205;1212;5;;
1205;1214;3;;
1205;1215;40;;
1205;2667;9;;
1206;1207;23;;
1207;2667;9;;
1208;1748;4;;
1208;1749;38;;
1208;1825;16;;
1209;1210;81;;
1209;1211;30;;
1209;1212;133;;
1209;2521;5;;
1209;2523;93;;
1210;1211;41;;
1210;1217;24;;
1210;1218;34;;Euphrates
1210;1489;54;;
1210;3096;5;;
1210;3097;21;Euphrates;Euphrates
1210;3100;34;;
1211;3097;6;Euphrates;Euphrates
1211;3098;19;Euphrates;Euphrates
1211;3100;11;;Euphrates
1212;1213;82;;
1212;1214;8;;
1212;1215;16;;
1212;1750;94;;
1212;2523;38;;
1213;1214;18;;
1214;1215;34;;
1217;1218;9;;
1217;1489;30;;Tigris
1219;1221;105;;
1219;1223;12;;
1219;1228;14;;
1219;1757;77;;
1219;2370;17;;
1220;1221;53;;
1220;1222;66;;
1222;1758;11;;
1222;3052;45;;
1223;1224;25;;
1223;1225;52;;
1223;1228;44;;
1223;2521;58;;
1224;1225;5;;
1224;1226;6;;
1224;1227;20;;
1224;1228;25;;
1224;2374;11;;
1225;1227;48;;
1225;1752;82;;
1225;2521;41;;
1225;2524;18;;
1226;1227;11;;
1226;1753;16;;
1226;2374;26;;
1226;2377;5;;
1227;1752;6;;
1228;2370;41;;
1228;2371;6;;
1228;2374;14;;
1229;1230;71;;
1229;1231;39;;
1229;1232;66;;
1229;1239;30;;
1229;1262;23;;
1229;1268;91;;
1229;1269;79;;
1229;3091;15;;
1230;1231;112;;
1230;1262;59;;
1230;1263;17;;
1230;1265;59;;
1231;1232;7;;
1231;1233;132;;
1231;1238;26;;
1231;1265;11;;
1231;2781;33;;
1231;2785;53;;
1232;1233;92;;
1232;1234;66;;
1232;1235;11;;
1232;1332;10;;
1232;1334;20;;
1232;3091;72;;
1232;3092;48;;
1232;3093;56;;
1233;1234;104;;
1234;1235;189;;
1234;1261;8;;
1235;1260;56;;
1235;1261;9;;
1235;1332;193;;
1235;2843;16;;
1236;1237;76;;
1236;1249;152;;
1237;1245;63;;
1237;1247;8;;
1238;2781;73;;
1239;1240;7;Nile;Nile
1239;1241;16;;
1239;1242;107;;Nile
1239;1262;93;;
1239;1269;103;;Nile
1239;2501;6;;
1239;2502;66;;
1240;1241;106;Nile;Nile
1240;1269;93;Nile;Nile
1240;2733;2;;Nile
1241;1242;11;;
1241;1269;3;;Nile
1241;1398;58;;
1241;1748;13;;
1241;2725;14;;
1241;2726;20;Nile;Nile
1241;2728;14;Nile;Nile
1241;2732;19;Nile;Nile
1241;2733;36;Nile;Nile
1241;2734;24;Nile;Nile
1242;1398;126;;
1242;1401;43;;
1242;2501;49;;Nile
1243;1244;90;;
1243;1276;96;;
1243;2666;45;;
1243;3340;46;;
1244;1275;55;;
1244;1276;82;Tana;
1245;1246;57;;
1245;1247;34;;
1245;1421;24;;
1245;2839;44;;
1246;1247;55;;
1246;1695;9;;
1246;1696;30;;
1246;1697;15;;
1246;2625;54;Moulouya;
1246;2626;32;Oum Er-Rbia;
1247;1699;54;;
1247;2626;33;;
1248;1249;4;;
1248;1700;70;;
1249;1291;30;;
1249;1295;80;;
1249;1700;37;;
1249;3081;96;;
1250;1251;10;;
1250;1258;9;;
1250;1259;4;;
1250;1685;8;;
1250;2410;3;;
1251;1259;4;;
1251;2850;9;;
1252;1253;22;;
1252;1254;25;;
1252;1256;11;;
1252;1677;27;;
1253;1254;15;;
1253;1255;6;;
1253;1260;85;;
1253;2849;10;;
1253;2854;47;;
1253;2855;5;;
1254;1255;15;;
1254;1256;17;;
1255;1256;8;;
1255;1257;18;;
1255;1258;8;;
1255;1259;7;;
1255;2849;27;;
1255;2853;15;;
1256;1257;13;;
1256;1677;6;;
1256;2411;19;;
1257;1258;14;;
1257;2410;8;;
1257;2411;23;;
1258;1259;11;;
1258;2410;18;;
1259;2850;16;;
1259;2853;16;;
1260;1332;78;;
1260;2843;88;;
1260;2855;12;;
1262;1263;51;;
1262;1420;55;;
1262;2502;108;;
1263;1264;30;;
1263;1265;50;;
1264;1265;48;;
1264;2785;22;;
1265;2785;26;;
1266;1267;74;;
1266;1268;72;;
1266;1830;26;;
1267;1268;7;;
1267;1269;36;;
1267;1828;16;;
1267;1829;11;;
1267;2725;81;;
1268;1269;12;;
1268;1672;34;;
1268;1830;21;;
1268;1831;7;;
1268;1832;7;;
1268;1833;22;;
1268;3091;35;;
1269;2725;22;;
1269;2726;31;;
1269;2732;19;Nile;Nile
1269;2733;44;Nile;Nile
1269;2734;24;Nile;Nile
1270;1271;19;;
1270;1705;8;Geba;
1271;1272;7;;
1271;1273;16;;
1271;1704;5;;
1271;1705;11;;
1272;1273;9;;
1272;1274;15;;
1272;1329;8;;
1272;1331;3;;
1273;1274;17;;
1273;1704;14;;
1273;1706;8;;
1274;1331;15;;
1275;1745;45;Jubba;
1276;1280;26;;
1276;1281;23;;
1277;1278;16;;
1277;1279;14;;
1277;2981;28;;
1277;3327;53;;
1278;1382;21;;
1278;3327;75;;
1279;1280;16;;
1279;2486;66;;
1279;2977;3;;
1279;2981;28;;
1280;1281;13;;
1280;2486;36;Pangani;
1281;1542;21;;
1281;2484;23;;
1281;2486;40;;
1282;2880;8;;
1282;2891;2;;
1282;2892;2;;
1282;2893;3;;
1282;3327;10;;Kagera
1283;2893;2;;
1283;3327;42;;
1284;1286;29;Benito;
1284;1288;10;;
1285;1286;5;;
1285;1287;21;;
1286;1287;26;Benito;
1286;1288;8;;
1288;1669;5;;
1288;2719;37;;
1289;1290;27;Senegal;Senegal
1289;1291;63;;Senegal
1289;1292;23;;Senegal
1289;1297;15;;
1289;3081;26;;
1290;1291;37;Senegal;Senegal
1290;1292;1;;Senegal
1290;1293;20;;Senegal
1290;1702;46;;
1291;1700;32;;
1291;1701;19;;
1291;3081;1;;
1292;1293;32;Senegal;Senegal
1292;1294;23;;
1292;1297;29;;
1293;1294;9;Senegal;Senegal
1293;1325;5;;
1293;1702;34;;
1294;1297;23;;
1295;1296;60;;
1295;3081;58;;
1296;1297;52;;
1296;3081;40;;
1297;3081;63;;
1298;1299;44;Cuando;
1298;1300;38;;
1298;1301;86;Dongwe;Zambezi
1298;1308;30;Zambezi;Zambezi
1298;1355;16;;
1299;1300;109;Cuando;
1299;1304;48;Okavango;
1299;1306;10;;
1299;1307;56;Okavango;
1299;1308;46;Okavango;
1299;2828;40;;
1299;2830;27;Okavango;
1300;1301;86;;Zambezi
1300;1319;73;;Kasai
1300;2828;54;;
1301;1354;47;;
1301;1355;44;Kafue;
1302;1303;30;Cunene;
1302;1304;18;;
1302;1535;24;;
1302;2830;58;;
1303;1304;21;Cunene;
1303;1305;56;;
1303;1321;32;;
1303;1536;48;;
1303;3059;11;;
1303;3060;15;;
1304;1305;23;Cunene;
1304;1306;28;;
1304;2830;84;;
1305;1306;5;;
1305;3059;40;;
1306;1307;5;;
1306;3059;7;;
1306;3060;39;;
1307;1308;7;;
1307;1321;51;;
1307;3060;21;;
1309;1310;18;Mazowe;
1309;1311;47;Zambezi;Zambezi
1309;1312;1;;
1309;1370;15;;
1309;1371;16;;
1309;1372;15;Zambezi;
1309;1373;34;;
1309;1374;8;;
1309;1375;17;;
1309;1377;7;Shire;Shire
1309;1539;24;Zambezi;Zambezi
1310;1312;74;;
1310;2368;15;;
1310;2369;19;;
1311;1312;95;;
1311;1313;18;Save;
1311;1538;15;Save;
1311;1539;127;;Zambezi
1312;1313;1;;
1313;1349;8;;
1313;1538;88;;
1314;1315;55;;
1314;1670;15;;
1315;1318;42;;
1315;1670;28;;
1315;2829;31;Lucala;
1316;1317;49;;Kasai
1316;2767;162;;
1317;1318;61;;
1317;1319;87;;Kasai
1318;1319;14;Kwango;
1318;1534;39;Cuanza;
1318;2828;75;Cuanza;
1318;2829;38;Lucala;
1319;2828;16;;
1320;1322;35;;
1320;1536;24;;
1320;3058;90;;
1321;1322;72;;
1321;1536;50;;
1321;3058;43;;
1321;3060;51;;
1322;1323;55;;
1322;3058;45;;
1323;2795;43;;
1324;1325;12;Gambia;
1324;1326;3;;
1324;1327;2;;
1324;1328;5;Gambia;
1324;1329;5;Gambia;
1325;1327;19;;
1325;1330;8;;
1325;1702;11;;
1325;2520;3;;
1326;1327;8;;
1326;1329;15;;
1326;1330;8;;
1326;1331;8;;
1327;1329;4;;
1327;1330;25;;
1329;1331;8;;
1330;1331;1;;
1330;1703;11;;
1330;2520;22;;
1332;1333;19;;
1332;1334;108;;
1333;1334;48;;
1333;3090;66;;
1333;3091;50;;
1333;3092;38;;
1333;3093;62;;
1334;3093;16;;
1335;1336;12;;
1335;3151;4;;
1335;3157;11;;
1335;3158;2;;
1336;1337;8;;
1336;3151;18;;
1337;3150;25;;
1337;3151;16;;
1338;1339;37;Kadeï;
1338;1341;39;;
1339;1340;25;Kadeï;
1339;1341;34;;
1339;2787;71;Sanaga;
1340;1341;43;;
1342;1343;8;;
1342;1381;3;;
1342;2882;16;;
1343;1344;19;;
1343;2875;10;;
1343;2881;10;;
1343;2882;5;;
1344;1345;6;;
1344;2875;5;;
1344;2878;6;;
1345;1346;22;;
1345;1385;2;;White Nile
1345;1387;3;;White Nile
1345;2878;13;;
1345;2926;15;;White Nile
1346;1347;14;White Nile;White Nile
1346;1348;2;;
1346;1385;4;White Nile;White Nile
1346;1387;0;;White Nile
1347;1348;12;White Nile;White Nile
1347;1385;0;;White Nile
1348;1385;15;;White Nile
1349;1350;26;;
1349;1351;14;;
1349;1352;11;;
1349;2516;79;;Vaal
1350;1351;18;;
1351;1352;15;;
1353;1355;4;Luapula;
1354;1355;52;;
1356;1357;22;;
1356;3150;10;;
1357;1362;6;;
1357;3143;11;;
1357;3144;6;;
1357;3145;20;White Volta;
1357;3150;5;;
1359;1360;17;;
1359;1721;6;;
1360;1361;8;;
1360;1721;3;;
1361;1721;9;;
1362;1363;8;;
1362;1364;1;;
1362;3145;15;;
1362;3146;7;;
1363;1364;19;;
1363;1365;5;;Black Volta
1363;3138;12;;Black Volta
1363;3139;9;;
1363;3146;26;;
1363;3147;1;;
1364;1365;11;Black Volta;Black Volta
1365;3138;4;Black Volta;Black Volta
1365;3140;8;;
1365;3141;14;;
1366;1367;2;;
1366;2557;10;;
1366;3325;28;;
1367;1370;6;;
1367;1371;1;;
1367;2553;9;;
1367;2557;4;;
1367;3325;16;;
1368;1369;13;Shire;Shire
1368;1375;9;;
1368;2554;4;;Shire
1368;3325;36;;Shire
1369;1376;11;;
1369;2554;12;Shire;Shire
1370;1371;20;;
1370;1375;7;;
1370;3325;6;;
1371;2553;23;;
1372;1373;7;Shire;Shire
1372;1377;17;Shire;Shire
1372;1380;1;;Shire
1373;1374;6;;
1373;1377;1;;Shire
1373;1380;9;Shire;Shire
1373;2556;9;Shire;Shire
1374;1375;7;;
1374;2554;1;;
1374;2556;8;Shire;Shire
1375;2554;12;;
1375;3325;2;;
1376;1378;9;;
1376;1379;3;;
1376;2554;4;Shire;Shire
1376;2555;6;;
1376;2556;3;;
1377;1378;8;;
1377;1379;14;;
1377;1380;7;;
1377;1539;38;Zambezi;Shire
1377;1540;74;Ligonha;
1378;1379;11;;
1379;1380;2;;
1379;2555;6;;
1380;2555;5;;
1380;2556;6;;
1381;1383;2;;
1381;2882;6;;
1381;2921;5;;
1381;2928;14;;
1382;1384;6;;
1382;2922;3;;
1382;2925;7;;
1382;2927;8;;
1382;3327;9;;
1383;2921;14;;
1383;2922;5;;
1384;2925;6;;
1384;2927;9;;
1384;2931;4;;
1384;2932;11;;
1385;1386;7;;
1385;1387;9;White Nile;White Nile
1386;1387;7;;
1387;1388;1;;
1387;2926;12;White Nile;White Nile
1388;1389;7;;
1388;2578;11;;
1388;2926;5;White Nile;White Nile
1389;1390;4;Semliki;
1389;2578;10;;
1389;2586;5;;
1389;2593;18;;
1390;1391;4;Semliki;
1390;1392;7;;
1390;2593;3;;
1391;1392;12;;
1392;1393;11;;
1392;2589;8;;
1392;2590;7;;
1392;2593;1;;
1393;1394;11;;
1393;2590;7;;
1394;1395;4;;
1394;2590;2;;
1394;2876;2;;
1394;2923;3;;
1394;2924;5;;
1395;1396;15;;
1395;2877;3;;
1395;2924;11;;
1397;1398;16;;
1397;1399;42;;
1397;1402;16;;
1397;2722;15;;
1398;1399;29;;
1398;1401;26;;
1399;1400;43;;
1399;1401;12;;
1399;2722;4;;
1400;1401;40;;
1400;1402;18;;
1400;2722;6;;
1401;2501;10;;
1402;2722;11;;
1403;1406;2;;
1403;2005;11;;
1403;3333;15;;
1404;1405;17;;
1404;3333;10;;
1405;1406;18;;
1405;3333;20;;
1406;2005;13;;
1406;2721;12;;
1406;3333;7;;
1407;1408;64;Sutlej;
1407;1409;103;;
1407;1410;26;;Indus
1407;1433;26;Chenab;
1407;1453;35;Jhelum;
1407;2616;29;;
1408;1409;15;;
1408;1423;48;Sutlej;
1408;1433;11;Ravi;
1408;3114;80;;
1409;1410;90;;
1409;1411;93;;
1409;1439;45;;
1409;2439;251;Chambal;
1409;3114;113;;
1410;1411;80;;
1411;1926;38;;
1411;1927;97;Tapti;
1411;2439;30;;
1412;1413;195;;Yukon
1413;1996;441;;
1414;1415;16;;
1414;2500;41;White Nile;White Nile
1414;2501;6;White Nile;White Nile
1414;2502;67;;
1415;1416;61;;
1415;1419;16;;
1415;1420;38;;
1415;2502;118;;
1416;1419;11;;
1416;2503;28;;White Nile
1416;2504;34;;
1417;1743;39;;
1417;2349;7;;
1417;2351;15;;
1417;2772;60;;
1417;2777;85;;
1418;2094;4;Tiber;
1419;1420;39;;
1419;2504;32;;
1420;2502;10;;
1421;1422;12;;
1421;2839;33;;
1421;2840;20;;
1421;2841;11;;
1422;1693;7;;
1422;2841;23;;
1423;1433;27;Chenab;
1423;1439;1;;
1423;3114;24;;
1424;1425;18;;
1425;1428;13;;
1425;2234;2;;
1428;2234;6;;
1429;1796;8;;
1430;1431;15;;
1430;1432;8;;
1430;2797;4;;
1430;2798;4;;
1430;2799;7;;
1431;1432;1;;
1432;2797;13;;
1432;2799;10;;
1433;1453;83;;
1434;1435;33;;
1435;1947;34;;
1435;1948;36;;Dnieper
1435;2407;21;;Dnieper
1436;1437;38;;
1436;1438;3;;
1436;1439;101;Ganges;Ganges
1436;2437;113;;Ganges
1437;1438;14;Gandaki;
1438;1439;26;;
1438;1440;18;;
1439;1440;13;;
1439;1441;28;Ghaghara;
1439;2437;12;Son;
1439;2438;6;Yamuna;
1439;2439;247;Betwa;
1439;3113;13;;
1439;3114;55;Yamuna;
1440;1441;38;;
1442;1443;8;;
1442;2394;11;;
1443;1446;12;Negro;
1443;2394;39;;
1444;1445;13;river;
1444;1506;17;;
1444;2398;14;river;
1445;1446;35;;
1445;2395;4;;
1445;2397;4;;
1445;2398;21;;
1446;2394;18;Negro;
1446;2395;13;;
1447;2753;11;;
1447;2754;1;;
1448;1449;7;;
1448;1450;2;;
1448;2546;14;Drava;
1449;1450;6;;
1449;2519;3;;
1449;2545;7;;
1449;2546;3;;
1449;2751;6;;
1450;2519;13;Sava;
1450;2750;6;;
1450;2751;26;Sava;
1451;2065;1;;
1451;2492;10;;
1451;2519;14;;
1454;1455;8;;
1454;1460;4;;
1454;1461;7;;
1454;1462;15;;
1454;1463;5;;
1454;1464;16;Minho;
1454;2125;18;Minho;
1454;2512;9;;
1455;1463;12;;
1455;1464;14;Minho;
1456;1457;24;Tagus;Tagus
1456;1458;1;;
1456;1459;25;;
1456;2511;23;Tagus;Tagus
1456;2515;11;;
1457;1458;20;;
1457;2119;14;;Tagus
1457;2120;2;;
1457;2121;11;;
1458;1459;20;;
1458;1460;6;Douro;
1458;2121;5;;
1458;2597;22;;
1459;1460;12;Douro;
1459;1461;27;;
1459;2515;28;;
1459;3288;2;;
1460;1461;30;Douro;
1460;1462;17;;
1460;2597;3;;
1461;2512;29;;
1461;3288;27;;
1462;1463;12;;
1462;2123;4;;
1462;2597;10;Douro;
1463;2123;15;;
1464;2124;14;;
1464;2125;9;;
1465;1466;5;Guadiana;
1465;1467;20;;
1465;2116;26;;
1466;1467;30;;
1467;2117;25;;
1468;1469;8;;
1468;1976;5;;
1468;1977;5;;
1468;2909;10;;
1468;2915;10;;
1469;1470;18;Severn;
1469;1471;7;;
1469;1976;11;;
1469;2909;4;;
1469;2911;12;Severn;
1469;2912;8;Severn;
1470;1471;9;;
1470;1472;3;;
1470;1971;10;;
1470;1973;10;Severn;
1470;1974;11;;
1470;1976;5;;
1470;2872;10;;
1471;1472;10;;
1471;1473;8;;
1471;2912;10;;
1472;1473;7;;
1472;1970;8;;
1472;2872;6;;
1473;1970;8;;
1473;2912;13;Severn;
1473;2913;3;;
1473;2914;5;;
1473;2918;20;Thames;Thames
1474;1475;20;;
1474;1476;3;;
1474;1477;16;;
1474;1954;18;;
1474;2895;6;;
1475;1476;17;;
1475;1955;18;;
1476;1477;11;;
1476;1955;8;;
1476;1956;6;;
1476;1977;7;;
1477;1978;11;;
1477;2894;13;;
1477;2895;14;;
1478;1479;23;;
1480;1481;14;;
1480;1484;5;;
1481;1482;15;;
1481;1484;12;;
1482;1483;4;;
1482;1484;1;;
1483;1484;11;;
1483;1485;11;Drina;
1484;1485;2;;
1486;1487;6;;Danube
1486;2549;8;;
1486;2551;12;Sava;
1487;2548;2;;
1487;2549;8;;
1488;3124;12;;
1489;1490;45;Tigris;Tigris
1489;3096;3;;Tigris
1493;1508;5;;
1493;1509;16;;
1493;1510;26;;Paraná River
1493;1513;24;;
1493;2822;62;;Paraná River
1493;2826;68;;Colorado
1493;2827;18;;
1494;1495;208;Parnaíba;
1494;2794;165;Tocantins;Araguaia
1495;1496;95;;
1495;1499;40;;
1495;1502;130;;
1495;2794;4;;
1496;1497;47;;
1496;1498;28;;
1496;1499;41;;
1497;1498;117;;
1498;1499;122;;
1499;1500;72;;
1499;1502;103;São Francisco;São Francisco
1500;1501;39;São Francisco;São Francisco
1500;1502;8;São Francisco;São Francisco
1501;1502;60;;São Francisco
1502;1503;14;;
1502;2791;50;;
1502;2793;209;;São Francisco
1502;2794;75;;
1503;1504;21;;
1503;2793;91;;
1504;1505;38;Paraiba;
1504;2793;76;Paraiba;
1505;2793;198;Grande;Grande
1506;1507;3;;
1506;2398;25;;
1507;1508;8;;
1507;1509;6;;
1507;2397;15;;
1507;2398;12;;
1508;1509;16;;
1509;1510;18;;
1509;2396;9;;
1509;2397;15;;
1510;1511;23;;
1510;1513;4;;
1510;2396;4;;
1511;1512;26;Negro;
1511;2396;18;;
1512;2394;8;;
1512;2395;13;Negro;
1512;2396;2;;
1514;2322;17;;
1515;1516;178;;
1515;1530;90;;
1516;1530;140;;
1516;1531;145;;
1517;1518;20;;
1517;1529;17;;
1517;2635;53;;
1518;1519;22;;
1518;1520;18;;
1518;1521;46;;
1518;2635;12;;
1518;2639;29;;
1519;1520;35;;
1520;1521;30;;
1521;1522;11;;
1521;2639;26;;
1522;1523;18;;
1522;2637;5;;
1522;2638;9;Mania;
1522;2639;57;;
1523;1524;20;;
1523;2638;14;;
1523;3290;29;;
1524;1525;28;;
1524;3289;43;;
1524;3290;3;;
1525;1526;35;;
1525;1527;22;Onilahy;
1525;3289;42;Onilahy;
1526;1527;34;;
1527;1528;61;Mangoky;
1527;2638;1;;
1527;3289;40;;
1527;3290;13;Mangoky;
1528;1529;49;;
1528;2636;26;;
1528;2637;10;;
1528;2638;21;;
1529;2635;21;;
1529;2636;16;;
1530;1531;94;;
1530;1532;78;;Murray
1530;1533;65;;Murray
1530;3336;154;;
1530;3337;110;;
1530;3338;142;;
1531;1532;239;Weir;Barwon
1532;1533;222;Murray;Murray
1532;2819;48;;
1534;1535;28;;
1534;1670;32;;
1534;2828;30;;
1534;2829;13;Cuanza;
1534;2831;22;;
1535;2830;35;;
1535;2831;31;;
1536;3058;42;;
1538;1539;24;Save;
1541;1542;36;;
1541;2484;39;Rufiji;
1542;1543;20;;
1542;2484;62;;
1544;1548;40;;
1547;1552;10;;
1547;1555;52;;
1547;1569;39;;
1548;1549;24;;
1548;1551;29;;
1549;1550;26;;
1552;1555;17;;
1554;1579;19;;
1554;1580;31;;
1554;2735;13;;
1554;2736;9;;
1554;2743;39;;
1555;1567;18;;
1555;1569;25;;
1558;1559;22;;
1558;2422;20;;
1558;2424;10;;
1559;1560;11;;
1559;2421;2;;
1559;2422;7;;
1559;2423;23;;
1559;2425;18;Ramu;
1560;1561;10;;
1560;1563;9;;
1560;1564;20;;
1560;2425;29;;
1561;1562;7;;
1561;1563;66;;
1562;1563;21;;
1563;1564;16;;
1564;2421;11;Purari;
1564;2424;29;;
1564;2425;15;;
1565;1566;15;;
1566;1585;41;;
1566;1589;56;;
1566;1590;37;;
1567;1568;15;;
1570;1581;32;Cauca;
1570;2755;15;Japurá;Japurá
1570;2756;48;;
1570;2762;7;;
1571;1572;35;Tambo;
1572;1573;9;;
1572;2602;39;;Ucayali
1572;2603;53;;
1572;2604;6;;
1573;1574;12;;
1573;2603;24;;
1573;2605;32;;
1574;1575;33;;
1574;1576;26;;
1574;2605;9;;
1574;2607;5;;
1574;2608;13;;
1574;2609;46;;
1576;1577;40;Santa;Marañón
1576;2607;43;Marañón;Marañón
1577;1578;7;;
1577;2606;41;;
1577;2607;8;;Marañón
1579;1580;8;;
1580;2743;7;;
1580;2745;14;;
1581;2762;18;;
1581;2763;15;;
1581;2765;9;Cauca;
1582;1583;9;;
1582;1637;29;Panama Canal;
1583;1596;9;;
1583;1637;15;;
1583;1816;3;;
1585;1586;68;;
1585;1588;20;;
1585;1589;39;;
1586;1587;61;;
1586;1588;71;;
1587;1588;5;;
1588;1589;9;;
1589;1590;38;;
1590;1591;53;;
1592;1654;18;;
1592;1655;10;Essequibo;
1592;1656;18;;
1593;1594;62;;
1595;1614;11;;
1595;1615;16;;
1595;2598;4;;
1595;2599;6;;
1596;1637;4;;
1596;1792;16;;
1596;1815;5;;
1596;1816;18;;
1597;1605;6;;
1597;1607;15;;
1597;1608;1;;
1598;2309;11;;
1599;1900;11;;
1599;1901;10;;
1599;1902;1;;
1599;1903;14;;
1600;1602;5;;
1601;1602;3;;
1601;1616;1;;
1601;2598;25;;
1602;1603;4;;
1602;2598;18;;
1603;2599;8;;
1604;1605;4;;
1604;1606;1;;
1604;1609;10;;
1605;1606;9;;
1605;1607;17;;
1606;1607;6;;
1607;1608;7;;
1609;1610;8;;
1609;2599;15;;
1609;2600;6;;
1610;1611;18;;
1610;2600;30;river;
1611;1613;3;;
1611;2600;6;;
1611;2601;31;;
1612;1613;17;;
1612;2601;20;;
1613;1614;2;;
1613;2600;8;;
1613;2601;7;;
1614;2599;4;;
1614;2600;10;;
1615;1616;22;;
1615;2598;7;;
1616;2598;3;;
1617;2989;6;;
1617;2991;9;;
1618;1619;9;;
1618;1620;7;;
1618;2991;1;;
1618;2993;15;;
1619;1620;2;;
1620;1621;1;;
1620;2991;5;;
1620;2993;10;;
1621;2990;15;;
1621;2991;12;;
1622;1623;5;;
1622;2984;10;;
1622;2986;4;;
1623;1624;8;;
1623;2984;1;;
1624;1625;6;;
1624;2984;5;;
1625;1626;1;;
1625;2984;8;;
1625;2985;14;;
1626;1627;13;;
1626;2985;22;;
1626;2987;7;;
1626;2988;2;;
1626;2989;5;;
1627;2985;2;;
1627;2989;7;;
1628;1631;8;;
1628;1904;19;Mekong;river
1628;2393;3;;Mekong
1629;1631;3;;
1629;1905;12;;
1629;1906;4;;
1631;1905;14;;
1631;2391;10;;
1632;1635;4;;
1633;1635;24;;
1633;2314;4;;
1635;2314;16;;
1636;1907;10;;
1636;1908;9;;
1636;2392;3;;
1638;1639;68;;
1638;1641;43;;
1638;2758;30;Cauca;Magdalena
1638;2761;27;Magdalena;Magdalena
1638;2764;2;;Magdalena
1638;2765;6;;
1639;1640;35;;
1639;1641;3;;
1640;1641;49;Cauca;
1641;1642;9;;
1641;1643;43;Magdalena;Magdalena
1641;2761;21;Magdalena;Magdalena
1642;1643;15;Magdalena;Magdalena
1644;1645;13;;
1644;2401;35;;
1645;2401;7;;
1645;2402;25;;
1645;2403;10;;
1646;1647;11;;
1646;2402;39;;
1647;1648;11;;
1647;2400;13;;
1647;2402;24;Cojedes;
1648;1649;11;;
1648;2399;6;;
1648;2400;18;;
1649;1650;20;;
1649;2399;39;Guárico;
1650;1651;2;;
1650;2399;23;;
1651;1652;6;;
1651;1653;53;;Orinoco
1651;2399;65;;Orinoco
1652;1653;40;;
1655;1656;5;;
1655;1657;14;;
1656;1657;16;;
1658;1659;9;;
1658;2498;3;;
1659;1660;7;;
1659;2498;19;;
1660;2498;10;Suriname;
1661;1876;86;;
1661;1929;136;;
1661;1930;7;Godavari;Godavari
1661;1931;51;;
1661;3115;125;Krishna;Godavari
1663;1664;7;;
1663;2961;51;;
1663;2967;6;;
1663;2968;17;;
1663;3053;22;;
1664;1665;26;Niger;Niger
1664;1666;6;Niger;Niger
1664;2960;16;Niger;Niger
1664;2961;56;;
1664;2967;0;;Niger
1665;1666;29;Niger;Niger
1666;1667;5;;
1666;2958;12;;
1666;2960;1;;Niger
1666;2969;19;Niger;Niger
1667;2958;22;;
1668;2786;23;;
1668;2787;58;Sanaga;
1669;2719;21;Ogooué;
1670;1671;23;Cuanza;
1670;2829;50;Cuanza;
1672;1673;34;;
1672;3091;54;;
1673;1674;33;;
1673;3090;59;;
1673;3091;36;;
1674;1675;16;;
1674;3090;8;;
1675;1676;2;;
1675;3089;8;;
1675;3090;1;;
1676;3089;13;;
1676;3090;12;;
1677;1678;5;;
1677;2411;7;;
1678;1679;15;;
1678;2411;24;;
1678;2412;6;;
1679;1680;9;;
1679;1681;7;;
1679;2412;8;;
1680;1681;5;;
1681;1682;1;;
1681;2412;15;;
1681;2413;6;;
1682;2413;8;;
1683;1684;14;;
1683;1685;6;;
1683;2413;10;;
1684;1685;15;;
1685;2410;17;;
1685;2413;4;;
1686;1687;7;;
1686;2850;14;;
1686;2851;11;;
1687;2832;3;;
1687;2852;18;;
1688;1689;10;;
1688;2832;14;;
1688;2833;11;;
1688;2834;2;;
1689;2834;15;;
1690;2836;7;;
1690;2837;9;;
1690;2838;12;;
1691;2838;15;;
1691;2842;6;;
1692;1693;11;;
1692;2842;8;;
1693;2841;12;;
1693;2842;1;;
1694;1695;11;;
1694;2625;59;Sebou;
1695;1696;14;;
1695;2625;2;;
1696;1697;18;;
1697;1698;14;Oum Er-Rbia;
1697;1699;20;Oum Er-Rbia;
1697;2626;27;;
1698;1699;48;;
1699;2626;26;;
1702;1703;23;;
1702;2520;21;;
1703;2520;24;;
1704;1705;5;;
1704;1706;6;;
1705;1706;12;;
1707;1708;12;;
1707;2698;12;;
1707;2704;11;;
1708;1709;13;;
1708;2698;1;;
1708;2704;15;;
1710;1711;12;Saint Paul;
1711;1712;12;Saint Paul;
1712;1713;21;;
1713;1714;23;;
1714;1715;17;Cess;
1715;1716;14;;
1717;1718;34;;
1717;2680;23;;
1718;2677;37;;
1718;2678;4;;
1718;2680;4;Bandama;
1718;2682;10;Bandama;
1719;1720;5;;
1719;2713;23;;
1719;2714;13;;
1720;2714;23;;Volta
1722;1800;29;;
1722;1801;6;;
1723;1724;1;;
1723;1737;2;;
1723;3040;9;;
1723;3043;18;Cagayan;
1723;3044;5;;
1724;1725;10;;
1724;1726;5;;
1724;1729;2;;
1724;1730;4;;
1724;3040;1;;
1724;3041;12;;
1724;3042;8;;
1725;1726;8;;
1726;1727;8;;
1727;1728;4;;
1729;3041;13;;
1730;1731;12;;
1730;3040;8;;
1730;3042;10;;
1731;1732;9;;
1731;3040;7;;
1731;3048;7;;
1732;1733;7;;
1732;3048;15;;
1733;3040;7;;
1733;3044;2;;
1733;3045;7;;
1733;3048;12;;
1734;3045;10;;
1734;3047;3;;
1734;3051;11;;
1735;3049;9;;
1735;3051;11;;
1736;1737;7;;
1736;3049;14;;
1736;3050;7;Cagayan;
1737;3043;16;Cagayan;
1737;3044;3;;
1737;3046;8;;
1737;3047;3;;
1737;3050;7;Cagayan;
1739;1777;16;;
1739;1800;62;;
1739;3075;2;;
1739;3077;34;San Pedro;
1743;1817;63;;
1743;2272;4;;
1743;2777;109;;
1745;1746;19;Shebelle;
1745;2995;18;;
1746;1747;24;;
1746;2995;57;;
1748;1749;5;;
1748;1825;15;;
1748;2724;7;;
1748;2725;15;;
1750;1751;142;;
1750;2523;45;;
1751;1752;107;;
1751;2521;12;;
1751;2522;24;;
1751;2523;61;;
1752;2521;82;;
1752;2524;72;;
1753;1754;9;;
1753;2372;10;;
1753;2376;2;;
1753;2377;15;;
1753;2378;8;;
1754;1755;27;;
1754;2375;4;;
1754;2376;15;;
1755;1756;20;;
1755;2373;5;;
1755;2375;19;;
1756;1757;35;;
1756;2373;19;;
1757;2370;26;;
1757;2373;17;;
1758;1759;34;;
1758;3052;13;;
1759;1760;14;;
1759;3052;35;;
1760;1761;3;;
1760;3052;17;;
1761;3052;22;;
1763;1764;1;;
1764;1765;11;;
1766;1767;8;;
1766;1775;5;;
1766;1776;8;;
1767;1768;13;;
1768;1769;2;;
1768;1774;1;;
1768;1775;4;;
1768;2479;15;;
1769;1770;11;;
1769;1771;6;;
1769;2479;13;;
1770;1771;11;;
1771;1772;13;;
1771;1773;9;;
1771;1774;2;;
1771;2479;2;;
1772;1773;14;;
1773;1774;10;;
1774;1775;8;;
1774;2479;22;;
1775;1776;9;;
1777;3077;75;;
1778;1779;102;Mississippi;Mississippi
1778;3176;45;;Mississippi
1779;1780;79;;Tennessee
1779;3176;54;Mississippi;Mississippi
1779;3177;32;;Mississippi
1780;1781;54;;
1780;1782;78;Chattahoochee;Tennessee
1780;3177;40;Tennessee;Tennessee
1781;1782;76;;
1782;1783;88;Savannah;
1782;1784;17;;
1782;3177;21;Tennessee;Tennessee
1783;1784;96;;
1784;1785;90;New;
1784;3177;71;;
1785;1786;49;Potomac;
1785;3175;34;;
1785;3177;28;Holston;Holston
1785;3178;122;;
1786;1787;32;;
1786;3178;52;Potomac;
1787;1788;18;;
1789;1790;10;;
1789;1791;26;;
1790;1791;15;;
1793;2617;14;Grande de Matagalpa;
1793;2618;3;;
1793;2619;20;;
1794;1795;3;;
1794;2694;6;;
1795;2694;31;;
1796;1797;6;;
1799;1803;86;;
1799;3069;88;;
1799;3072;45;;
1799;3074;28;Pánuco;
1800;1801;63;;
1800;3073;39;;
1800;3075;127;;
1800;3076;20;;
1801;1802;46;Balsas;
1801;3068;24;;
1801;3071;5;Lerma;
1801;3073;51;Lerma;
1802;1803;37;;
1802;3068;34;;
1802;3069;18;Balsas;
1802;3070;12;;
1803;3069;54;;
1804;1805;7;;
1804;2710;10;;
1805;1806;14;;
1805;2705;2;;
1805;2709;11;;
1805;2710;2;;
1806;1807;5;;
1806;2705;5;;
1806;2706;8;;
1807;2706;12;;
1807;2707;5;;
1808;1809;6;;
1809;2723;10;;
1810;1811;11;Lempa;
1810;2723;13;Lempa;
1812;1813;16;;
1812;2617;3;;
1812;2620;13;;
1813;1814;5;;
1813;2617;6;;
1813;2618;7;;
1813;2621;3;;San Juan
1813;2622;8;San Juan;San Juan
1814;2621;5;;
1814;2622;6;;
1815;1816;12;;
1817;1818;44;;
1817;1820;21;;
1817;2777;27;;
1817;2780;56;;
1818;1820;45;;
1819;1838;5;;
1819;1839;18;;
1820;1915;80;;
1820;2780;156;;Yangtze
1821;1822;3;;
1821;3104;4;;
1821;3105;79;;
1822;3105;86;;
1822;3106;128;;
1823;1824;21;;
1823;1826;19;Damietta Branch;Damietta Branch
1823;1827;7;;Damietta Branch
1823;2731;7;Damietta Branch;Damietta Branch
1824;1825;28;Ismailiya Canal;
1824;2724;5;;
1824;2730;13;Ismailiya Canal;Damietta Branch
1824;2731;2;;Damietta Branch
1825;2724;3;;
1827;1828;10;Rosetta Branch;Rosetta Branch
1827;2731;14;Rosetta Branch;Rosetta Branch
1828;1829;24;;
1828;2725;14;;
1828;2729;7;Rosetta Branch;Rosetta Branch
1828;2731;6;Rosetta Branch;Rosetta Branch
1830;1831;34;;
1831;1832;34;;
1832;1833;46;;
1834;1835;13;;
1834;1838;17;;
1834;1839;12;;
1835;1836;14;;
1835;1838;10;;
1835;1846;1;;
1836;1837;8;;
1838;1839;23;;
1840;1841;13;;
1840;1842;2;;
1840;1843;16;;
1841;1842;1;;
1842;1843;36;;
1842;1870;3;;
1844;1846;10;;
1844;1847;7;;
1844;1870;28;;
1845;1920;21;;
1845;3019;22;;
1846;1870;7;;
1847;1848;6;;
1847;1869;27;;
1847;1870;2;;
1848;1849;19;;
1848;1868;5;;
1848;1869;10;;
1849;1850;6;;
1849;1868;11;;
1849;2672;14;;
1849;2675;3;;
1850;1851;8;;
1850;2671;14;;
1850;2672;12;;
1851;1852;7;;
1851;2671;7;;
1852;1853;1;;
1852;2669;7;;
1852;2671;20;;
1853;1854;17;;
1853;1859;24;;
1853;2668;14;;
1853;2669;23;;
1854;1855;12;;
1854;1858;22;;
1854;1859;13;Mogami;
1855;1856;21;;
1855;1857;28;;
1855;1858;6;;
1856;1857;12;;
1857;1858;20;;
1858;1859;13;;
1859;1860;13;;
1859;2668;3;;
1859;2670;22;;
1860;1861;11;Tone;
1860;2670;22;;
1860;2673;2;;
1861;2673;8;Tone;
1862;1863;12;;
1862;2673;16;;
1862;2674;6;;
1863;1864;5;;
1863;2674;6;;
1864;1865;12;;
1864;2669;10;;
1864;2674;21;;
1865;2669;6;;
1865;2671;20;;
1866;1867;2;;
1866;2671;5;;
1866;2672;13;;
1866;2675;24;;
1867;1868;7;;
1867;2675;18;;
1868;2675;11;;
1869;1870;12;;
1871;2442;49;;
1872;1873;3;;
1872;1996;620;;Thelon
1872;2152;2;;
1872;3310;130;;
1872;3311;89;;river
1872;3313;132;;
1872;3314;168;;Thelon
1872;3315;117;;
1872;3316;88;;
1872;3317;166;;
1876;2437;81;;
1876;3113;154;;
1876;3115;7;;
1878;1879;34;Irrawaddy;Irrawaddy
1878;1880;24;Irrawaddy;Irrawaddy
1878;3160;9;;Irrawaddy
1879;1880;39;;Irrawaddy
1880;3160;28;Irrawaddy;Irrawaddy
1880;3161;13;Sittong;
1881;1882;5;;
1881;1894;20;;
1882;1883;7;;
1882;1893;7;;
1882;1894;17;;
1883;1892;18;;
1883;1893;12;;
1885;1886;14;;
1885;1889;13;;
1886;1887;12;;
1886;1888;8;;
1886;1889;18;;
1887;1888;7;;
1888;1889;28;;
1888;2268;11;;
1889;1890;33;;
1892;1893;10;;
1893;1894;23;;
1895;1896;9;;
1895;2458;4;;
1895;2467;12;Chao Phraya;
1896;1897;24;;
1896;2457;4;;
1896;2458;1;;
1896;2477;19;;
1897;1898;22;;
1899;1900;9;;
1900;1901;5;;
1901;1902;6;Mekong;Mekong
1901;2393;5;;Mekong
1902;1903;7;;
1902;1904;6;Mekong;Mekong
1902;2393;6;Mekong;Mekong
1903;1904;14;;
1904;2393;1;;Mekong
1905;1906;15;;
1905;2391;16;;
1905;2392;7;;
1906;1907;4;;
1906;2392;27;;
1907;2392;13;;
1908;1909;8;;
1909;1910;8;;
1911;1912;9;;
1911;2379;4;;
1911;2390;4;;
1912;1913;8;Red;
1912;2390;6;;
1913;1914;9;;
1913;2386;2;;
1913;2389;3;;
1913;2390;5;Red;
1914;2389;9;;
1915;1916;107;;
1915;1917;1;;
1915;2778;88;Yellow;Yellow
1915;2780;6;;
1916;1917;104;;
1916;2766;135;;
1916;2776;131;;
1916;2778;37;Zhang;
1917;2766;11;;
1918;1919;8;;
1918;1924;41;;
1918;3057;32;;
1919;3057;1;;
1920;1921;25;;
1920;1922;15;;
1920;1923;2;;
1920;3019;9;;
1921;1922;10;;
1922;1923;30;Nakdong;
1923;3019;37;;
1923;3020;24;Nakdong;
1925;1986;111;Omolon;
1925;1997;379;;Kolyma
1925;2274;115;;
1926;1927;5;;
1927;1928;10;;
1927;1929;132;;
1927;2439;160;Tapti;
1927;3113;76;Indravati;
1927;3115;108;Wainganga;Godavari
1928;1929;19;;
1929;1930;43;;
1929;1931;63;Kaveri;
1929;3115;56;;
1930;1931;99;;
1933;1934;6;;
1933;2684;15;;
1933;2685;8;;
1934;1935;3;;
1934;1936;1;;
1934;2685;11;;
1935;1936;7;;
1935;2685;8;;
1935;2686;11;;
1935;2692;9;;
1936;1937;6;;
1936;2692;16;;
1937;1938;16;;
1937;1939;21;;
1937;2692;4;;
1938;1939;10;;
1938;1940;8;;
1939;1940;17;Shannon;
1939;2691;4;;
1939;2692;14;;
1940;1941;14;;
1940;2691;6;Shannon;
1941;1942;21;;
1941;2687;1;;
1941;2690;21;;
1941;2691;11;Shannon;
1942;1943;10;;
1942;2690;7;;
1943;2690;13;;
1944;2896;1;;
1944;2897;8;;
1946;2684;13;;
1946;2688;13;;
1947;2407;60;Dnieper;Dnieper
1948;2407;12;;
1948;2409;61;;
1949;3165;18;;
1950;1951;7;;
1950;2042;13;;
1951;1952;4;;
1952;2044;23;;
1953;1979;18;;
1953;1984;22;;
1953;1985;1;;
1953;2894;3;;
1953;2895;14;;
1954;1985;5;;
1954;2895;2;;
1955;1956;20;;
1956;1957;19;;
1956;1977;15;;
1956;2907;1;;
1956;3276;15;;
1956;3277;2;;
1957;1958;16;Trent;
1957;1959;7;;
1957;2907;6;;
1957;3277;2;;
1958;1959;14;;
1958;2905;2;;
1958;2907;2;;
1959;1960;4;;
1959;2902;10;;
1959;2905;14;Trent;
1959;2906;6;;
1959;2908;12;;
1960;1961;28;;
1960;2902;8;;
1961;1962;18;;
1961;2902;9;;
1962;1963;11;Thames;Thames
1962;2901;13;;Thames
1962;2902;10;;
1962;2917;2;;Thames
1963;1964;12;;
1963;2901;2;;Thames
1963;2917;9;;Thames
1964;1965;5;;
1964;2917;1;;
1965;1966;5;;
1965;2917;16;;
1966;1967;2;;
1966;2903;3;;Thames
1966;2914;5;Thames;Thames
1966;2916;8;;
1966;2917;11;;
1966;2918;14;;
1967;1970;12;;
1967;2918;11;;
1968;1969;13;;
1968;1970;21;;
1970;2872;9;;
1970;2918;12;;
1971;1972;5;;
1971;1973;17;;
1971;2872;3;;
1972;1973;5;;
1973;1974;4;;
1974;1975;15;;
1974;1976;2;;
1975;1976;10;;
1977;2915;10;;
1977;3276;5;;
1977;3277;2;;
1977;3278;10;;
1978;2894;11;;
1979;1980;14;;
1979;1984;4;;
1979;2894;6;;
1980;1981;17;;
1980;1982;4;;
1980;1984;23;;
1981;1982;25;;
1982;1983;22;;
1982;1984;7;;
1983;1984;15;;
1983;1985;2;;
1984;1985;19;;
1985;2895;11;;
1986;1997;193;;
1986;2274;309;;
1987;1988;17;;
1987;1993;59;;
1988;1989;13;;
1988;1990;27;;
1988;1992;26;;
1988;1993;30;;
1989;1990;11;;
1990;1991;22;;
1990;1992;26;;
1991;1992;5;;
1992;1993;36;;
1994;1995;45;;
1994;2053;519;;
1994;2998;510;;Ob
1994;3030;133;;
1995;2052;88;;
1995;3030;309;;Pechora
1996;3297;616;;
1996;3298;692;;Mackenzie
1996;3311;15;;river
1996;3315;51;;
1997;2053;474;;
1997;3007;462;;Lena
1998;3279;8;;
1999;2000;12;;
1999;2001;3;;
1999;2657;19;;
2000;2001;11;;
2001;2657;7;;
2001;2659;9;;
2001;2660;5;;
2002;2644;11;;
2002;2651;7;;
2002;3280;4;;
2003;2004;9;;
2003;2720;12;;
2004;2005;5;;
2004;2720;30;;
2004;2721;15;;
2005;2721;14;;
2007;2008;26;;
2007;3130;25;;
2007;3131;20;;
2008;2009;33;;
2008;3129;3;;
2008;3130;21;;
2009;2010;2;;
2009;3128;24;;
2009;3129;37;;
2009;3335;3;;
2010;2011;25;;
2010;3128;68;;
2011;3127;14;;
2011;3128;17;;
2012;2013;39;;
2013;2014;6;Dalälven;
2013;2494;11;Dalälven;
2014;2015;28;;
2014;2016;8;;
2014;2494;32;;
2015;2016;15;;
2016;2017;23;;
2016;2494;23;;
2016;2496;7;;
2017;2018;33;;
2017;2495;27;;
2017;2496;22;;
2018;2019;11;;
2018;2495;17;;
2018;2497;23;;
2019;2020;8;;
2019;2497;20;;
2020;2021;10;;
2020;2497;20;;
2021;2495;16;;
2021;2497;16;;
2022;2023;19;;
2022;2024;46;;
2022;2028;14;;
2022;2029;18;;
2022;2552;58;;
2023;2024;11;;
2024;2025;52;;
2024;2027;3;;
2024;2028;13;;
2025;2026;42;;
2025;2027;17;;
2026;2027;22;;
2027;2028;35;;
2028;2029;42;;
2029;2030;26;;
2029;2552;38;;
2030;2552;38;;
2031;2032;6;;
2031;2953;14;;
2032;2033;4;;
2032;2975;14;;
2032;2976;17;;
2033;2034;5;;
2033;2481;17;Kelkit;
2033;2947;2;;
2033;2976;23;;
2034;2035;9;;
2034;2480;19;;
2034;2481;12;Kelkit;
2035;2036;19;Kızılırmak;
2035;2480;6;Kelkit;
2035;2482;3;;
2035;2483;32;;
2036;2037;17;;
2036;2482;11;Kızılırmak;
2037;2038;4;;
2037;2435;23;;
2037;2436;20;;
2037;2482;15;;
2038;2039;4;;
2038;2436;12;;
2039;2040;5;;
2039;2431;6;;
2039;2436;9;;
2040;2041;4;;
2040;2431;20;;
2041;2042;16;Sakarya;
2041;2431;12;;
2041;2433;13;Sakarya;
2042;2043;4;;
2042;2433;2;;
2043;2044;24;;
2043;2433;15;Sakarya;
2043;2933;19;;
2044;2045;14;;
2044;2933;12;Simav;
2044;2939;28;;
2045;2046;21;;
2045;2939;51;;
2046;2047;24;;
2046;2939;2;;
2046;2940;17;;
2047;2048;14;;
2047;2940;24;;
2047;2941;8;;
2048;2049;4;;
2048;2934;28;;
2048;2935;7;;
2048;2938;7;;
2048;2941;29;;
2049;2050;13;;
2049;2934;7;;
2049;2935;47;;
2049;2936;7;;
2050;2936;16;;
2050;2937;34;;
2050;2951;13;;
2050;2970;19;Ceyhan;
2052;3022;210;;Northern Dvina
2052;3028;30;;
2052;3030;335;;Vychegda
2053;2998;75;;
2053;3001;201;;
2053;3005;51;;
2053;3007;579;;Nizhnyaya Tunguska
2053;3008;137;Yenisey;Verkhniy Yenisey
2053;3334;402;;
2055;2056;36;;
2055;2059;2;;
2056;2057;10;;
2056;2059;29;;
2058;2059;29;;
2060;2061;5;;
2060;2856;12;;
2061;2062;10;;
2062;2063;4;;
2066;2067;9;;
2066;2068;5;Po;Po
2066;3212;13;;
2066;3224;5;;
2067;2068;11;Adige;
2067;3210;13;;
2067;3211;3;;
2067;3212;6;;
2068;2069;18;Po;Po
2068;3196;0;;Po
2068;3211;3;;
2069;2070;6;;
2069;3196;4;Po;Po
2069;3211;0;;Po
2069;3216;2;;Po
2069;3217;10;;
2070;2071;13;;
2070;3203;1;;
2070;3217;10;;
2071;3202;10;Tiber;
2071;3203;6;;
2072;2073;17;;
2072;3220;3;;
2073;2074;14;;
2073;3220;12;;
2074;2075;11;;
2074;3220;1;;
2075;2076;9;;
2075;3206;3;;
2075;3220;3;;
2076;2077;5;;
2076;3206;1;;
2076;3223;9;;
2077;2078;6;;
2077;3223;9;;
2078;2079;6;;
2078;3223;5;;
2078;3225;7;;
2079;2080;9;;
2079;3191;8;;
2079;3225;9;;
2080;2081;4;Ofanto;
2080;2091;9;Ofanto;
2080;3191;7;;
2080;3222;9;;
2081;2082;5;;
2081;2091;10;;
2082;2084;10;;
2082;2085;9;;
2082;2091;4;;
2083;2084;5;;
2084;2085;6;;
2085;2086;2;;
2085;2091;26;;
2086;2087;6;;
2086;2088;10;;
2086;2091;14;;
2087;2088;9;;
2088;2090;8;;
2089;2090;13;;
2091;2092;20;;
2091;3222;9;Ofanto;
2092;3222;19;;
2093;3191;11;;
2093;3221;3;;
2093;3222;6;;
2093;3225;12;;
2094;2095;14;;
2094;3206;10;Tiber;
2094;3221;19;;
2094;3223;6;;
2095;2096;9;;
2095;3201;1;;
2095;3206;4;Tiber;
2095;3219;16;Tiber;
2096;2097;4;;
2096;3201;25;;
2097;2098;6;;
2097;3201;6;;
2097;3203;10;;
2098;2099;6;;
2098;3203;1;;
2098;3215;3;;
2098;3216;3;;
2098;3218;9;;
2099;2100;3;;
2099;3214;14;;
2099;3215;4;;
2100;3208;10;;
2100;3213;5;;
2100;3214;6;;
2101;3192;1;;
2101;3208;8;;
2102;2103;13;;
2103;2104;9;Rhône;Rhône
2103;3243;22;Durance;Rhône
2104;2105;20;;
2104;3235;3;;
2104;3243;8;Rhône;Rhône
2104;3249;17;;Rhône
2104;3264;18;;
2105;2106;14;;
2105;3232;9;;
2105;3235;12;;
2106;3232;15;;
2107;2108;10;;
2108;2109;6;;
2108;2505;6;Ebro;Ebro
2108;2509;8;;
2109;2110;13;;
2109;2509;32;;
2110;2111;16;;
2110;2508;21;;
2110;2509;13;;
2110;2510;18;;
2111;2112;18;;
2111;2508;4;;
2112;2113;17;;
2112;2114;4;;
2112;2508;36;;
2113;2114;32;;
2114;2115;13;;
2114;2508;5;;
2114;3283;8;;
2114;3285;40;;
2115;2116;11;;
2115;3283;9;;
2116;3283;34;Guadalquivir;Guadalquivir
2117;2118;5;;
2117;2119;11;;
2118;2119;12;;
2118;2120;7;;
2119;2120;23;;
2120;2121;17;;
2121;2122;9;;
2121;2597;13;;
2122;2123;5;Douro;
2122;2597;18;;
2123;2597;10;Douro;
2124;2125;22;;
2125;2126;16;;
2125;2512;12;;
2126;2127;3;;
2126;2512;42;;
2127;2128;6;;
2127;2512;4;;
2127;2514;20;Ebro;Ebro
2127;3281;15;Ebro;Ebro
2128;2507;16;;
2128;2514;6;;
2129;2130;24;;
2129;3228;13;;
2129;3263;8;;
2130;2131;24;;
2130;3246;10;Dordogne;
2130;3263;18;Garonne;Garonne
2131;2132;7;;
2131;3246;2;;
2131;3258;26;;
2131;3271;14;;
2132;2133;23;;
2132;3254;6;;
2132;3271;20;;
2133;2134;9;;
2133;2137;18;;
2133;3254;25;Loire;Loire
2134;2135;15;;
2134;2136;25;;
2134;2137;13;;
2135;2136;11;;
2136;2137;13;;
2137;2138;12;;
2137;3241;15;;
2137;3254;1;;
2138;2139;22;;
2138;3241;4;;
2138;3268;7;;
2139;2140;11;;
2139;2141;2;;
2139;3268;26;;
2140;2141;30;Seine;Seine
2140;3256;1;;
2140;3257;6;Seine;Seine
2140;3260;13;;
2140;3267;6;;
2140;3268;11;;
2141;2142;7;;
2141;3267;6;;
2142;2143;34;;
2142;3267;28;;
2144;2145;4;;
2144;2624;13;Lek;Lek
2145;2146;12;;
2145;2623;17;;
2145;2624;11;;
2146;2623;11;;
2149;2150;27;;
2151;2152;320;;
2151;2153;53;;
2151;2155;176;;
2151;2156;104;;
2152;2153;436;;
2153;2154;33;;
2153;2155;139;;
2161;2162;11;;
2175;2180;11;;
2175;2187;3;;
2176;2177;10;;
2177;2178;8;;
2178;2179;4;;
2180;2181;10;;
2180;2187;3;;
2181;2187;5;;
2181;2749;8;;
2182;2183;14;;
2184;2185;1;;
2184;2563;9;;
2185;2560;6;;
2185;2563;7;;
2185;2564;8;;
2185;2748;8;;
2186;2746;1;;
2186;2748;8;;
2186;2749;13;;
2187;2749;10;;
2188;2189;16;;
2188;2338;25;;
2189;2193;18;;
2190;2338;10;;
2190;2342;12;;
2190;2343;23;;
2193;2194;17;;
2193;2341;2;;
2194;2195;8;;
2194;2341;22;;
2195;2339;8;;
2195;2341;23;;
2197;2198;1;;
2197;2199;6;;
2204;3033;96;;
2205;2570;5;;
2205;2811;4;;
2205;2812;9;;
2205;2813;12;;
2206;2569;2;;
2206;2570;15;;
2207;2208;13;Kura;
2207;2569;7;;
2207;2573;11;Kura;
2208;2209;8;;
2208;2210;3;;
2209;2210;10;;
2211;2487;27;;
2211;2489;12;;
2211;3111;36;;
2211;3112;14;;
2235;2240;2;;
2235;2241;3;;
2239;2245;13;;
2239;3190;7;;
2240;2241;23;;
2240;2242;13;;
2240;3190;5;;
2241;2242;15;;
2242;2245;5;;
2242;3190;14;;
2243;2244;8;;
2243;2245;7;;
2244;2245;10;;
2245;3190;25;;
2247;2248;15;;
2247;2249;11;;
2247;2250;5;;
2248;2249;10;;
2248;2250;18;;
2248;2252;2;;
2248;2253;10;;
2250;2251;8;;
2250;2252;5;;
2251;2252;17;;
2252;2253;11;;
2254;2255;18;;
2257;2258;9;;
2290;2291;11;;
2291;2292;6;;
2294;2295;30;;
2306;2307;29;;
2310;2311;11;;
2310;2312;10;;
2311;2312;15;;
2316;2317;24;;
2326;2327;25;;
2338;2342;12;;
2339;2340;3;;
2342;2343;24;;
2353;2356;3;;
2353;2357;69;Pomahaka;
2354;2355;19;Wairau;
2354;2358;33;Awatere;
2355;2356;42;Buller;
2355;2358;8;Waiau Toa / Clarence;
2356;2357;29;;
2356;2358;70;;
2357;2358;49;Ahuriri;
2359;2360;12;Waikato;
2359;2364;5;;
2360;2362;45;Ongarue;
2360;2363;5;Mokau;
2360;2365;39;Waihou;
2360;2367;6;Ngaruroro;
2361;2362;21;;
2362;2363;27;Whanganui;
2362;2367;35;Rangitīkei;
2365;2366;27;;
2365;2367;25;Rangitaiki;
2366;2367;17;Ruakituri;
2370;2371;34;;
2370;2373;16;;
2371;2372;5;;
2371;2373;4;;
2371;2374;16;;
2371;2377;15;;
2371;2378;26;;
2372;2378;15;;
2373;2375;12;;
2373;2376;1;;
2373;2378;12;;
2374;2377;7;;
2375;2376;15;;
2376;2378;25;;
2379;2383;13;Black;
2379;2384;13;Black;
2379;2390;3;;
2380;2381;12;;
2380;2382;3;;
2380;2383;6;;
2380;2385;14;;
2380;2388;9;;
2381;2383;14;Red;
2382;2383;5;;
2382;2384;8;Red;
2382;2388;6;;
2383;2384;9;Red;
2384;2386;8;Red;
2384;2387;1;;
2384;2388;4;;
2384;2389;4;Red;
2384;2390;5;;
2385;2388;16;;
2386;2389;9;Red;
2386;2390;9;Red;
2387;2388;12;;
2387;2389;15;;
2394;2395;31;Negro;
2395;2396;18;Negro;
2395;2397;31;;
2396;2397;11;;
2397;2398;24;;
2399;2400;31;;
2399;2401;17;Cojedes;
2400;2401;11;Cojedes;
2400;2402;2;;
2400;2403;29;Cojedes;
2401;2403;52;;
2402;2403;31;;
2404;2407;26;Dnieper;Dnieper
2404;2408;30;;Dnieper
2404;2409;25;Dnieper;Dnieper
2405;2406;36;;Dniester
2407;2409;37;;Dnieper
2408;2409;68;;Dnieper
2410;2411;2;;
2410;2412;17;;
2410;2413;13;;
2411;2412;19;;
2412;2413;11;;
2414;2415;14;;
2414;2416;3;;Rhône
2414;2419;25;;
2414;2420;6;;
2415;2417;2;;
2415;2420;11;;
2416;2417;5;;
2416;2418;2;;
2416;2420;6;;
2417;2418;8;;
2417;2420;5;;
2421;2423;18;;
2421;2424;11;Purari;
2421;2425;28;;
2422;2423;19;;
2422;2424;30;;
2423;2424;22;;
2426;2427;6;Dniester;Dniester
2426;2430;6;;
2427;2429;8;Dniester;Dniester
2427;2430;5;;Dniester
2427;2631;9;;
2428;2631;3;;
2428;2632;1;;
2428;2633;10;;
2429;2631;5;;
2430;2631;10;;
2431;2432;40;;
2431;2433;5;;
2431;2434;4;;
2431;2435;1;;
2431;2436;10;;
2432;2434;36;;
2432;2435;25;;
2432;2934;46;;
2432;2942;11;;
2432;2945;10;Kızılırmak;
2432;2950;26;Kızılırmak;
2433;2434;16;;
2433;2933;13;;
2434;2933;11;;
2434;2934;5;;
2434;2949;30;;
2435;2436;17;;
2435;2482;16;Kızılırmak;
2435;2950;10;Kızılırmak;
2437;3113;53;;
2438;3114;20;Yamuna;
2439;3113;106;;
2440;2441;49;Bear;
2440;2442;80;;
2440;2443;63;Green;Colorado
2441;2443;79;;
2441;2444;31;;
2441;2445;31;;
2443;2445;47;;
2443;2446;47;;Arkansas
2443;2447;16;;
2444;2445;123;Missouri;Missouri
2444;2448;21;;
2445;2446;104;Republican;
2445;2448;49;Missouri;Missouri
2445;2449;16;Missouri;Missouri
2446;2447;116;;Arkansas
2446;2449;65;Missouri;Missouri
2447;2449;7;;
2447;3176;50;;Arkansas
2448;2449;74;;Missouri
2448;3173;26;Mississippi;Mississippi
2448;3174;70;Mississippi;Mississippi
2449;3174;102;Mississippi;Mississippi
2449;3175;15;Mississippi;Mississippi
2449;3176;93;White;
2449;3177;18;Mississippi;Mississippi
2450;2456;11;;
2450;2460;5;;
2450;2462;19;Chi;
2450;2463;16;river;
2450;2465;12;;
2450;2472;1;;
2450;2474;26;Chi;
2451;2460;12;;
2451;2465;22;;
2452;2453;8;Chao Phraya;
2452;2454;6;Chao Phraya;
2452;2459;10;;
2452;2466;4;Chao Phraya;
2452;2467;10;Chao Phraya;
2453;2454;4;;
2453;2459;14;Chao Phraya;
2453;2464;4;Chao Phraya;
2453;2471;10;Chao Phraya;
2454;2464;5;Chao Phraya;
2454;2466;7;Chao Phraya;
2455;2456;3;;
2455;2457;7;;
2455;2458;1;;
2455;2464;15;;
2455;2466;10;;
2456;2457;5;;
2456;2462;1;;
2456;2464;17;;
2456;2474;27;Chi;
2456;2477;17;Mun;
2457;2458;6;;
2457;2477;14;;
2458;2466;11;Chao Phraya;
2458;2467;7;Chao Phraya;
2459;2471;26;;
2460;2461;20;;
2460;2462;12;;
2460;2465;16;;
2461;2462;23;Chi;
2461;2478;22;Chi;
2463;2465;21;;
2464;2466;4;;
2464;2471;12;;
2464;2472;9;;
2464;2474;2;;
2466;2467;4;;
2468;2470;13;;
2468;2471;25;;
2468;2473;4;;
2469;2470;7;;
2469;2475;34;;
2469;2476;28;;
2470;2475;15;;
2471;2472;10;;
2471;2473;19;Yom;
2472;2473;13;;
2472;2474;33;;
2480;2481;34;;
2480;2483;28;;
2480;2944;13;;
2481;2937;31;Kızılırmak;
2481;2944;16;;
2481;2947;26;Euphrates;Euphrates
2481;2951;10;Ceyhan;
2481;2954;30;;
2482;2483;21;;
2482;2944;23;;
2482;2950;7;;
2483;2944;5;;
2484;2485;26;Wami;
2484;2486;5;;
2484;2979;65;;
2485;2486;68;;
2485;2977;45;;
2485;2979;31;Great Ruaha;
2486;2977;27;;
2487;3102;59;;
2487;3109;24;;
2487;3110;6;;
2487;3111;50;;
2488;2489;46;;
2488;3107;16;;
2489;3101;15;;
2489;3107;14;;
2489;3112;27;;
2491;2493;2;;
2491;2517;5;;
2491;2519;10;;
2491;2545;8;;
2492;2493;5;;
2492;2518;12;;
2492;2519;6;;
2493;2517;8;;
2493;2518;4;;
2493;2519;3;;
2494;2496;21;;
2495;2497;45;;
2496;3328;5;;
2498;2499;25;;
2500;2501;18;Blue Nile;Blue Nile
2501;2502;33;;
2503;2504;37;;
2505;2506;1;;
2505;2509;43;;Ebro
2505;2513;22;;
2505;3284;12;;
2506;2507;11;Ebro;Ebro
2506;2513;27;;
2506;2514;16;;
2507;2514;33;Ebro;Ebro
2508;2510;27;;
2508;3282;22;;
2508;3285;13;;
2509;2510;13;;
2509;3284;13;Tagus;Tagus
2510;2511;11;;
2510;3282;6;Záncara;
2510;3284;36;;Tagus
2510;3286;3;;Tagus
2511;2515;15;;
2511;3282;53;;
2511;3286;40;Tagus;Tagus
2512;3281;17;;
2512;3288;15;;
2513;2514;19;Douro;
2513;3284;24;;
2513;3287;8;;
2514;3281;31;;Ebro
2514;3287;10;Douro;
2514;3288;5;Douro;
2515;3286;11;;
2515;3287;14;;
2515;3288;9;;
2517;2518;12;;
2519;2545;13;Sava;
2521;2522;102;;
2521;2523;9;;
2522;2523;90;;
2525;2526;16;;
2525;2527;29;;
2525;2540;8;;
2525;2544;23;;
2526;2540;20;;
2528;2529;3;;
2528;2530;21;;
2528;2534;19;Ialomița;
2528;2538;1;;
2529;2534;5;Ialomița;
2529;2596;8;Ialomița;
2530;2533;12;;
2530;2538;15;;
2530;2539;4;;
2531;2532;18;;
2531;2533;17;;
2532;2533;1;;
2532;2544;28;;
2533;2539;16;;
2533;2544;2;;
2534;2537;16;;
2534;2538;13;;
2534;2596;7;Ialomița;
2535;2536;4;;
2535;2537;7;;
2535;2538;20;Olt;
2535;2541;15;Olt;
2535;2543;8;;
2536;2537;23;;
2536;2543;22;;
2536;2595;5;;
2537;2538;3;;
2537;2595;17;;
2537;2596;12;;
2538;2539;10;Olt;
2538;2540;5;;
2538;2541;7;Olt;
2539;2540;16;;
2539;2544;24;;
2540;2541;28;;
2540;2544;8;Mureș;
2541;2542;12;Olt;
2541;2543;14;;
2542;2543;33;;
2545;2546;10;Mur;
2547;2548;7;Great Morava;
2548;2549;12;Great Morava;
2549;2550;12;;
2549;2551;2;;
2550;2551;10;;
2553;2557;13;;
2554;2556;3;;Shire
2555;2556;7;;
2559;2562;11;Yaque del Norte;
2559;2564;3;;
2560;2561;6;;
2560;2562;13;Yaque del Norte;
2560;2564;3;;
2560;2746;10;;
2560;2748;4;;
2561;2562;4;;
2561;2747;11;;
2561;2749;4;;
2562;2564;8;;
2563;2564;10;;
2565;2566;6;;
2565;2568;3;;
2566;2567;10;;
2566;2568;4;;
2566;2807;7;;
2566;2818;5;;
2567;2571;11;;
2567;2815;14;;
2568;2818;7;;
2569;2570;13;;
2569;2572;2;;
2569;2573;11;Kura;
2569;2811;6;;
2569;2813;1;;
2570;2813;11;;
2571;2808;6;;
2572;2573;6;Aras;
2572;2806;1;;
2572;2809;8;;
2572;2811;1;;
2572;2816;1;;
2572;2817;3;;
2572;2818;6;Kura;
2573;2806;14;Aras;
2574;2575;7;;
2574;2579;14;White Nile;White Nile
2574;2581;1;;
2574;2587;5;;
2574;2888;5;;
2574;2890;7;;
2574;2932;5;;
2575;2579;7;White Nile;White Nile
2575;2920;4;White Nile;White Nile
2575;2925;7;;
2575;2932;5;;
2575;3327;12;;White Nile
2576;2577;2;;White Nile
2576;2581;14;;White Nile
2576;2588;7;;
2576;2873;4;;
2576;2874;6;;
2576;2879;9;White Nile;White Nile
2577;2578;4;;
2577;2579;7;White Nile;White Nile
2577;2580;11;;
2577;2581;10;White Nile;White Nile
2577;2585;14;;
2577;2879;2;;White Nile
2578;2585;4;;
2578;2586;5;;
2578;2879;16;;White Nile
2578;2926;4;White Nile;White Nile
2579;2580;4;;
2579;2581;3;;White Nile
2579;2919;7;White Nile;White Nile
2579;2920;2;;White Nile
2580;2584;3;;
2580;2585;10;;
2580;2919;6;;
2581;2587;5;;
2581;2588;1;;
2582;2585;12;;
2582;2586;6;;
2582;2594;12;;
2583;2584;8;;
2583;2592;11;;
2583;2594;15;;
2584;2585;5;;
2584;2592;2;;
2584;2594;5;;
2584;2919;6;;
2584;3327;23;;
2585;2586;7;;
2585;2594;2;;
2586;2593;11;;
2586;2594;6;;
2587;2588;10;;
2587;2886;4;;
2587;2888;8;;
2587;2889;4;;
2588;2885;10;;
2589;2590;13;;
2589;2591;3;;
2589;2593;10;;
2590;2591;5;;
2590;2876;10;;
2590;2891;4;;
2591;2593;6;;
2591;2594;9;;
2591;2891;3;;
2592;2594;6;;
2592;2880;6;;
2592;2891;2;;
2592;2892;8;;
2592;2893;5;;
2592;3327;2;;
2593;2594;9;;
2594;2891;2;;
2595;2596;15;Borcea branch;Danube
2598;2599;11;river;
2599;2600;16;river;
2602;2603;27;Ucayali;Ucayali
2602;2604;49;Ucayali;Ucayali
2602;2609;29;;
2603;2604;65;;Ucayali
2603;2605;60;;
2603;2609;11;Ucayali;Ucayali
2605;2609;31;;
2606;2607;27;Huallaga;
2607;2608;57;;
2608;2609;43;;
2610;2611;20;;
2610;2612;18;;Paraná River
2611;2612;14;;
2611;2613;5;;
2611;2614;3;;
2611;2615;20;;
2612;2614;12;;
2613;2614;9;;
2613;2615;26;;
2614;2615;14;;
2617;2618;23;Grande de Matagalpa;
2617;2620;8;;
2618;2619;20;;
2618;2621;2;;San Juan
2618;3302;3;;
2619;3302;17;;
2621;2622;7;;San Juan
2621;3302;20;;San Juan
2622;3302;3;;San Juan
2623;2624;6;;
2627;2630;9;;
2628;2629;5;;
2629;2630;4;;
2631;2633;10;;
2632;2633;6;;
2634;2635;27;;
2634;2636;24;Betsiboka;
2634;2637;11;;
2634;2639;33;Betsiboka;
2634;3291;11;Betsiboka;
2635;2636;14;;
2635;2639;33;;
2636;2637;5;;
2636;3291;29;;
2637;2638;43;Mania;
2637;2639;6;;
2637;3291;34;;
2638;3290;42;;
2640;2642;2;;
2640;2645;14;;
2640;2648;3;;
2640;3280;5;;
2641;2643;3;;
2641;2645;2;;
2641;2646;11;;
2642;2644;10;;
2642;3280;5;;
2643;2646;3;;
2643;2647;7;;
2643;2648;9;;
2643;2649;1;;
2643;2654;10;;
2644;3280;12;;
2645;2646;6;;
2645;2648;18;;
2645;2649;5;;
2646;2649;6;;
2647;2654;4;;
2648;2649;14;;
2648;2650;12;Daugava;
2648;2654;1;;
2648;2655;4;Daugava;Daugava
2648;2656;20;;Daugava
2648;3280;5;;
2650;2651;3;;
2650;2652;9;;
2650;2653;8;Daugava;Daugava
2650;2655;1;;Daugava
2650;3280;13;;
2651;2652;5;Daugava;
2651;2663;6;Daugava;Daugava
2651;3280;4;;
2652;2653;6;Daugava;Daugava
2652;2663;5;Daugava;Daugava
2653;2655;4;;Daugava
2654;2656;11;;
2655;2656;18;Daugava;Daugava
2657;2658;12;;
2657;2659;2;;
2657;2662;1;;
2657;3279;11;;
2658;3279;2;;
2659;2660;8;;
2659;2662;7;;
2660;2661;13;;
2660;2662;4;;
2661;2662;5;;
2664;2665;11;;
2664;3082;5;;
2664;3292;1;;
2665;3292;5;;
2665;3293;5;;
2665;3294;8;;
2668;2669;19;;
2668;2670;15;;
2668;2673;17;Tone;
2669;2671;31;;
2669;2673;1;;
2669;2674;19;;
2670;2673;7;Tone;
2671;2672;12;;
2672;2675;2;;
2673;2674;6;;
2676;2679;35;;
2676;2680;11;;
2676;2683;21;;
2677;2678;20;;
2678;2681;17;;
2678;2682;32;;
2679;2680;12;;
2679;2681;9;Bandama;
2679;2682;13;Bandama;
2679;2683;7;;
2680;2682;9;Bandama;
2681;2682;24;;
2681;2683;29;Bandama Blanc;
2684;2685;4;;
2684;2686;6;;
2684;2687;7;;
2684;2688;3;;
2685;2686;5;;
2686;2687;14;;
2686;2691;7;;
2686;2692;1;;
2687;2688;18;;
2687;2690;2;;
2687;2691;12;;
2688;2689;14;;
2688;2690;3;;
2689;2690;8;Shannon;
2691;2692;16;;
2693;2694;11;;
2693;2695;20;;
2694;2695;11;;
2696;2697;10;;
2696;2703;11;;
2698;2699;5;;
2698;2702;11;;
2698;2704;14;;
2699;2701;8;;
2699;2702;11;;
2700;2701;2;;
2700;2702;22;;
2701;2702;12;;
2705;2706;10;;
2705;2709;10;;
2705;2711;2;;
2706;2707;3;;
2706;2708;7;;
2706;2711;4;Motagua;
2707;2708;11;;
2708;2711;14;Motagua;
2709;2710;4;;
2709;2712;6;;
2710;2712;11;Cuilco;
2713;2714;39;;
2715;2716;29;Weser;Weser
2716;2717;48;;
2720;2721;6;;
2724;2725;17;Nile;Nile
2724;2730;8;Ismailiya Canal;Rosetta Branch
2725;2726;34;;
2725;2727;35;;
2725;2728;14;Nile;Nile
2725;2729;6;Rosetta Branch;Rosetta Branch
2725;2730;4;Damietta Branch;Rosetta Branch
2726;2728;21;;Nile
2726;2734;6;Nile;Nile
2727;2728;29;;
2729;2730;10;Damietta Branch;Damietta Branch
2729;2731;9;Rosetta Branch;Damietta Branch
2730;2731;3;;Damietta Branch
2732;2733;8;Nile;Nile
2732;2734;8;Nile;Nile
2735;2736;29;;
2736;2739;14;;
2736;2740;1;;
2736;2743;1;;
2737;2738;7;;
2737;2739;13;Santiago;
2737;2740;3;;
2737;2742;10;;
2738;2742;5;;
2738;2744;21;;
2739;2740;21;;
2740;2742;9;;
2740;2743;18;;
2741;2744;23;;
2742;2743;13;;
2742;2744;16;;
2742;2745;7;;
2743;2745;12;;
2744;2745;23;;
2746;2747;8;;
2746;2748;6;;
2746;2749;3;;
2747;2749;11;;
2750;2752;15;;
2753;2754;28;;
2755;2756;43;;
2755;2757;52;Ajajú;
2755;2760;43;Ajajú;
2756;2760;18;;
2756;2762;43;;Magdalena
2756;2764;2;;
2757;2760;70;Negro;
2758;2762;16;;
2758;2764;9;Magdalena;Magdalena
2758;2765;29;Cauca;
2759;2760;47;Meta;
2759;2764;3;;
2760;2764;52;Meta;
2761;2764;1;;
2762;2763;17;;
2762;2764;38;Magdalena;Magdalena
2762;2765;3;;
2763;2765;10;;
2767;2768;97;Lomami;
2769;2770;153;;Yangtze
2769;2771;63;;Yangtze
2769;2774;73;;
2769;2775;175;Dadu;Yellow
2770;2771;109;;
2770;2772;11;;
2770;2774;27;;
2770;2779;106;;Yangtze
2771;2772;84;;
2772;2777;103;;
2772;2779;145;;Yangtze
2773;2774;23;Huan;
2774;2776;117;Yellow;Yellow
2774;2778;30;;Yellow
2774;2779;87;;
2776;2778;87;Yellow;Yellow
2777;2779;53;;Yangtze
2777;2780;65;;Yangtze
2778;2779;117;;
2778;2780;129;;
2779;2780;48;;Yangtze
2781;2785;53;;
2782;2783;26;Logone;
2784;2785;56;;
2786;2787;34;Mbam;
2788;2789;20;Tonlé Sap;
2788;2790;16;;
2791;2792;49;;
2791;2793;194;Paranaíba;Paranaíba
2791;2794;144;;Javaés
2792;2793;3;;
2797;2798;14;;
2797;2799;11;;
2797;2801;17;;
2798;2801;2;;
2800;2802;10;Manas;
2803;3183;24;;
2807;2815;5;;
2807;2817;9;Kura;
2807;2818;9;Kura;
2809;2811;9;;
2809;2814;8;;
2809;2816;1;;
2811;2812;6;;
2811;2813;14;;
2811;2814;6;;
2812;2814;13;;
2814;2816;9;;
2815;2817;9;Kura;
2816;2817;10;;
2817;2818;8;Kura;
2822;2824;39;;
2822;2827;108;;
2823;2824;40;;
2824;2827;57;;
2825;2826;38;;
2825;2827;68;;
2826;2827;28;;
2828;2830;11;Okavango;
2828;2831;54;;
2830;2831;39;;
2832;2833;22;;
2832;2847;6;;
2832;2848;13;;
2832;2852;14;;
2833;2834;7;;
2833;2847;22;;
2834;2835;5;;
2834;2845;15;;
2834;2847;13;;
2835;2837;6;;
2835;2845;13;;
2836;2837;12;;
2836;2838;5;;
2836;2845;8;;
2836;2846;14;;
2837;2845;18;;
2838;2842;12;;
2838;2846;14;;
2839;2840;16;;
2839;2843;24;;
2839;2844;39;;
2839;2846;19;;
2840;2841;27;;
2840;2842;13;;
2840;2846;22;;
2841;2842;13;;
2842;2846;14;;
2843;2844;36;;
2843;2855;15;;
2844;2846;24;;
2844;2855;67;;
2845;2846;4;;
2845;2847;8;;
2845;2855;30;;
2846;2855;23;;
2847;2848;23;;
2847;2854;26;;
2847;2855;42;;
2848;2849;17;;
2848;2852;4;;
2848;2853;14;;
2848;2854;45;;
2849;2853;20;;
2849;2854;16;;
2850;2851;8;;
2850;2853;8;;
2851;2852;12;;
2851;2853;9;;
2852;2853;12;;
2854;2855;26;;
2857;2858;10;;
2857;2871;34;Helmand;
2858;2862;5;;
2858;2864;32;;
2858;2865;2;;
2858;2871;23;;
2859;2861;5;;
2859;2863;9;;
2859;2866;2;;
2859;2869;19;;
2860;2861;7;;
2860;2862;16;;
2860;2863;8;;
2860;2864;5;;
2860;2866;20;;
2861;2863;9;;
2862;2864;15;;
2863;2866;16;;
2864;2865;30;Helmand;
2864;2866;16;Helmand;
2865;2866;3;;
2865;2867;13;;
2865;2868;21;;
2865;2869;13;;
2865;2870;21;;
2865;2871;25;;
2866;2869;25;;
2867;2868;24;;
2867;2870;11;;
2868;2871;44;;
2869;2870;34;;
2873;2874;11;;
2873;2875;1;;
2873;2878;7;;
2873;2879;6;White Nile;White Nile
2873;2926;5;;White Nile
2874;2875;1;;
2874;2885;10;;
2875;2878;14;;
2875;2881;15;;
2875;2884;3;;
2875;2885;5;;
2876;2891;11;;
2876;2923;7;;
2877;2891;8;;
2877;2923;6;;
2877;2924;7;;
2878;2926;8;;
2879;2926;13;White Nile;White Nile
2880;2892;6;;
2880;2893;6;;
2881;2882;1;;
2881;2883;11;;
2881;2884;7;;
2882;2883;16;;
2882;2928;8;;
2883;2884;4;;
2883;2928;7;;
2884;2885;12;;
2884;2886;2;;
2884;2928;2;;
2885;2886;9;;
2886;2887;8;;
2886;2889;13;;
2886;2928;8;;
2887;2889;2;;
2887;2921;4;;
2887;2928;10;;
2887;2929;4;;
2887;2930;2;;
2888;2889;9;;
2888;2890;3;;
2888;2930;5;;
2889;2930;4;;
2890;2929;2;;
2890;2930;5;;
2890;2931;2;;
2890;2932;7;;
2891;2892;12;;
2891;2923;1;;
2893;3327;14;;
2894;2895;11;;
2896;2897;9;;
2897;2900;11;;
2898;2899;10;;
2899;2900;9;;
2901;2902;5;;
2901;2903;3;;
2901;2904;8;;
2901;2917;9;Thames;Thames
2902;2904;11;;
2902;2906;5;;
2903;2904;6;;
2903;2906;6;;
2903;2914;12;;Thames
2903;2917;10;Thames;Thames
2904;2906;9;;
2905;2907;9;;
2905;2908;11;Trent;
2905;2910;10;Trent;
2906;2908;15;;
2906;2913;5;;
2906;2914;10;;
2907;2910;5;;
2907;3277;7;;
2908;2910;6;Trent;
2908;2913;10;;
2909;2910;10;;
2909;2911;11;;
2909;2915;3;;
2909;3278;4;;
2910;2911;21;Trent;
2910;2913;2;;
2910;3277;10;;
2910;3278;6;;
2911;2912;8;;
2911;2913;10;;
2912;2913;13;;
2913;2914;9;;
2914;2916;11;Thames;Thames
2914;2918;4;Thames;Thames
2915;3278;3;;
2916;2918;7;;
2919;2920;9;;
2919;3327;8;;
2920;2925;1;;
2920;3327;46;;White Nile
2921;2922;6;;
2921;2928;17;;
2921;2929;3;;
2921;2931;3;;
2922;2927;3;;
2922;2931;8;;
2923;2924;5;;
2925;2932;4;;
2925;3327;27;;
2927;2931;10;;
2929;2930;8;;
2929;2931;11;;
2933;2939;13;Simav;
2933;2946;20;;
2933;2949;16;;
2934;2935;54;;
2934;2936;20;;
2934;2938;29;;
2934;2942;31;;
2934;2949;20;;
2936;2937;14;;
2936;2942;11;;
2936;2943;10;;
2937;2943;15;Kızılırmak;
2937;2944;20;Kızılırmak;
2937;2951;8;;
2938;2941;21;;
2938;2949;27;;
2939;2940;6;;
2939;2946;14;;
2940;2941;19;;
2940;2946;22;Büyük Menderes;
2940;2949;20;Büyük Menderes;
2941;2949;11;;
2942;2943;14;;
2942;2945;7;;
2943;2944;10;;
2943;2945;21;Kızılırmak;
2944;2945;17;;
2944;2950;4;;
2945;2950;19;;
2946;2949;8;;
2947;2948;39;Euphrates;Euphrates
2947;2953;15;Euphrates;Euphrates
2947;2954;6;Euphrates;Euphrates
2947;2957;2;;
2947;2975;5;;
2947;2976;21;Kelkit;
2948;2954;1;;Euphrates
2948;2955;32;Murat;Euphrates
2948;2957;14;;
2951;2954;23;;
2951;2970;14;Ceyhan;
2951;2971;13;;
2952;2953;28;Murat;
2952;2956;26;;
2952;2957;13;Murat;
2952;2972;6;;
2952;2973;2;;
2953;2957;15;;
2953;2975;24;Euphrates;Euphrates
2954;2955;32;Euphrates;Euphrates
2954;2971;34;;
2954;2972;4;Euphrates;Euphrates
2955;2957;24;;
2955;2972;26;Tigris;Euphrates
2956;2973;9;;
2956;2974;26;;
2957;2972;22;Murat;
2958;2959;11;;
2958;2966;4;;
2958;2969;18;;
2959;2966;21;;
2960;2961;0;;Niger
2960;2966;22;;
2960;2967;8;;Niger
2960;2969;17;;Niger
2961;2967;35;Niger;Niger
2962;2963;56;;
2962;2965;49;;
2962;3054;3;;
2962;3055;23;;
2963;2964;35;;
2963;3054;26;;
2964;2967;23;Benue;Benue
2964;3054;30;;
2964;3056;23;;
2966;2967;16;;
2967;3053;12;;
2967;3056;4;;
2968;3053;17;;
2971;2972;6;Euphrates;Euphrates
2972;2973;22;;Tigris
2973;2974;21;Tigris;Tigris
2975;2976;13;;
2977;2978;76;Shama;
2977;2979;28;;
2977;2981;7;;
2977;2983;4;;
2978;2982;10;;
2978;2983;67;;
2980;2981;20;;
2980;2982;22;;
2980;2983;25;;
2980;3327;119;;
2981;2983;29;;
2981;3327;10;;
2982;2983;31;;
2982;3327;41;;
2984;2985;9;;
2984;2986;6;;
2984;2987;3;;
2984;2992;6;;
2985;2987;25;river;
2986;2990;9;;
2986;2992;4;;
2986;2994;7;;
2987;2988;2;;
2987;2992;10;;
2987;2994;7;Mahaweli;
2988;2989;12;Mahaweli;
2988;2990;5;;
2988;2991;7;;
2988;2994;8;;
2989;2991;9;;
2990;2991;13;;
2990;2994;6;;
2991;2993;17;;
2992;2994;14;Mahaweli;
2996;2997;43;;
2996;3002;69;;
2996;3029;17;Kama;
2996;3031;68;;
2997;2998;159;;
2997;3030;7;;
2997;3031;188;;
2998;3001;220;;Ob
2998;3030;135;;
2999;3000;40;;
2999;3006;29;;
2999;3014;27;Don;Don
2999;3017;33;;Don
3000;3004;43;;
3000;3014;42;;
3001;3005;92;;
3002;3003;67;;Volga
3002;3021;38;;Volga
3002;3027;44;;Volga
3002;3028;31;;
3002;3029;91;Kama;
3002;3032;60;;
3003;3004;44;;
3003;3009;29;Sura;
3003;3021;24;Sura;
3003;3032;85;;Volga
3004;3009;86;;
3004;3014;5;;
3005;3008;123;;
3006;3010;19;;
3006;3017;40;;
3007;3324;193;;Lena
3009;3014;32;;
3009;3016;88;;
3009;3021;15;;
3010;3017;52;Oka;
3010;3025;36;;
3010;3026;7;;
3011;3012;34;;Volga
3011;3015;82;Unzha;Volga
3011;3016;56;;
3011;3022;142;;
3011;3028;54;;
3012;3013;25;;
3012;3015;27;;
3012;3022;70;;
3012;3024;62;;Volga
3012;3025;4;;
3013;3014;30;;
3013;3015;66;;
3013;3016;38;Oka;
3013;3025;53;;
3014;3016;24;;
3014;3017;16;;Don
3014;3025;50;;
3015;3016;45;;Volga
3016;3021;29;Sura;
3016;3027;42;;Volga
3016;3028;60;;
3017;3025;39;Oka;
3021;3027;50;Volga;Volga
3022;3023;34;;
3022;3024;36;;
3022;3028;50;;
3022;3329;30;;Svir
3023;3024;122;;
3024;3025;74;Volga;Volga
3025;3026;91;Moskva;
3027;3028;84;;
3028;3029;113;;
3028;3030;122;;
3028;3031;74;;
3029;3031;69;Kama;
3030;3031;169;;
3035;3036;47;;
3035;3037;22;;Vistula
3035;3039;29;;Vistula
3036;3037;4;;
3036;3038;37;Warta;
3036;3039;24;;
3037;3038;59;;
3040;3044;12;;
3040;3048;14;;
3041;3042;23;;
3043;3044;16;;
3044;3045;9;;
3044;3046;9;;
3045;3046;4;;
3045;3047;4;;
3046;3047;15;;
3047;3050;14;;
3047;3051;5;;
3049;3050;6;;
3049;3051;8;;
3050;3051;10;;
3054;3055;37;;
3054;3056;11;;
3059;3060;32;;
3062;3065;74;;
3062;3066;24;;
3062;3067;19;Kherlen;
3062;3078;64;;
3063;3066;60;Orkhon;
3065;3066;41;;
3068;3069;6;;
3068;3070;14;;
3068;3071;10;Lerma;
3068;3072;38;;
3068;3079;7;;
3068;3080;25;;
3069;3070;25;;
3069;3072;24;;
3069;3079;45;;
3070;3080;9;;
3071;3072;32;Moctezuma River;
3071;3073;42;;
3071;3074;21;;
3072;3074;15;Moctezuma River;
3072;3079;8;;
3073;3074;41;;
3073;3075;1;;
3074;3075;88;;
3075;3076;42;;
3075;3077;80;;
3082;3083;11;;
3082;3292;9;;
3083;3084;7;;
3083;3087;9;;
3083;3292;1;;
3084;3085;3;;
3084;3087;8;;
3086;3087;11;;
3086;3088;11;;
3087;3292;4;Great Morava;
3089;3090;8;;
3090;3091;18;;
3091;3092;20;;
3092;3093;20;;
3094;3095;168;;
3094;3185;26;Ishim;
3095;3323;101;;
3096;3097;5;Tigris;Tigris
3097;3098;17;Shatt al Hillah;
3097;3100;15;Euphrates;Euphrates
3098;3099;6;;
3101;3102;23;;
3101;3107;54;;
3101;3108;35;;
3101;3110;43;;
3101;3111;8;;
3101;3112;18;;
3102;3103;56;;
3102;3104;10;;
3102;3105;46;;
3102;3108;21;;
3102;3109;87;;
3102;3110;22;;
3103;3104;24;;
3104;3105;38;;
3105;3106;27;;
3105;3109;52;;
3106;3109;102;;
3107;3108;29;Karkheh;
3110;3111;23;;
3111;3112;17;;
3113;3115;38;;Godavari
3116;3121;30;Tisza;
3117;3118;12;;
3117;3119;19;Sió;Danube
3117;3120;3;;Danube
3121;3122;2;;
3125;3126;13;;
3125;3127;12;;
3125;3331;180;;
3125;3332;85;;
3126;3127;35;;
3126;3131;6;;
3126;3331;251;;
3126;3332;11;;
3127;3128;28;;
3127;3129;22;;
3127;3131;16;;
3127;3332;170;;
3127;3335;11;;
3128;3129;29;;
3129;3130;25;;
3129;3131;1;;
3129;3332;10;;
3129;3335;207;;
3130;3131;18;;
3130;3335;21;;
3131;3332;90;;
3134;3135;3;;
3134;3136;11;;
3134;3137;9;Kagera;Kagera
3135;3136;6;;
3135;3137;2;;Kagera
3138;3139;13;Black Volta;Black Volta
3138;3140;23;Black Volta;Black Volta
3138;3142;22;;Black Volta
3139;3142;10;Black Volta;Black Volta
3139;3147;18;;
3139;3154;9;Black Volta;Black Volta
3139;3155;11;;
3140;3141;9;;
3140;3142;9;;
3142;3154;16;Black Volta;Black Volta
3143;3144;13;;
3143;3150;6;;
3143;3151;8;;
3143;3157;6;;
3144;3145;2;;
3144;3149;10;White Volta;
3144;3152;10;White Volta;
3144;3157;4;;
3144;3158;5;;
3145;3146;2;;
3145;3152;13;;
3146;3147;4;;
3146;3152;19;;
3147;3148;2;;
3147;3152;7;;
3147;3153;17;;
3147;3155;7;;
3148;3149;13;;
3148;3152;17;;
3148;3153;8;;
3149;3153;9;;
3149;3158;18;White Volta;
3150;3151;12;;
3151;3157;22;;
3153;3155;10;;
3154;3155;5;;
3155;3156;14;;
3155;3158;1;;
3155;3159;6;White Volta;
3157;3158;27;;
3158;3159;22;;
3160;3161;71;Irrawaddy;Irrawaddy
3162;3163;15;Maritsa;
3162;3169;13;Maritsa;
3162;3170;12;;
3163;3164;17;;
3163;3168;13;;
3163;3170;1;;
3164;3165;2;;
3164;3167;7;;
3165;3166;8;;
3165;3167;12;;
3166;3167;14;;
3168;3170;12;;
3173;3174;46;;Mississippi
3173;3318;79;;
3173;3319;121;;
3174;3175;40;Ohio;Ohio
3174;3179;76;Wabash;Ohio
3174;3319;16;;
3175;3177;103;Cumberland;Tennessee
3175;3178;28;;Ohio
3175;3179;91;Ohio;Ohio
3176;3177;29;Mississippi;Mississippi
3179;3319;19;;
3180;3181;18;;
3181;3182;24;Vltava;Elbe
3191;3222;24;;
3192;3204;1;;
3192;3208;21;;
3193;3194;15;;
3193;3195;4;;
3193;3197;3;;
3193;3198;6;;
3193;3199;1;;
3194;3195;11;;
3194;3196;9;;
3194;3209;18;;
3194;3211;8;;
3195;3196;5;;
3195;3197;1;;
3195;3200;10;;
3195;3213;5;Po;Po
3195;3214;6;Po;Po
3196;3211;19;Po;Po
3196;3214;3;;Po
3196;3215;8;Po;Po
3196;3216;14;Po;Po
3197;3199;12;;
3197;3200;5;;
3197;3205;9;Ticino;
3197;3207;6;Ticino;
3198;3199;5;;
3200;3205;6;;
3200;3213;7;Po;Po
3201;3202;13;;
3201;3203;9;;
3201;3219;2;;
3201;3220;4;;
3202;3203;12;;
3202;3220;18;Tiber;
3203;3217;9;;
3203;3218;4;;
3203;3227;12;;
3204;3205;1;;
3204;3207;12;;
3204;3208;10;Po;Po
3204;3226;18;;
3205;3207;10;Ticino;
3205;3208;18;Po;Po
3205;3213;14;Po;Po
3206;3219;13;Tiber;
3206;3220;8;;
3206;3223;21;;
3207;3226;2;;
3208;3213;4;;
3209;3210;14;;
3209;3211;10;Adige;
3210;3211;15;;
3210;3212;7;;
3211;3216;0;;Po
3212;3224;10;;
3213;3214;17;;Po
3214;3215;16;;Po
3215;3216;19;;
3216;3217;23;;
3216;3218;5;;
3217;3218;7;;
3217;3227;3;;
3218;3227;7;;
3219;3220;27;;
3220;3223;1;;
3221;3223;15;;
3221;3225;4;;
3223;3225;8;;
3228;3231;10;;
3228;3263;15;;
3229;3230;14;;
3229;3238;3;;
3229;3240;21;Vienne;
3229;3246;12;;
3229;3258;12;Vienne;
3229;3272;10;;
3230;3236;10;Dordogne;
3230;3240;14;Vienne;
3230;3246;12;;
3230;3251;3;;
3230;3262;15;Dordogne;
3231;3232;12;;
3231;3235;2;;
3231;3236;19;;
3231;3263;12;Garonne;Garonne
3232;3235;27;;
3233;3234;29;;
3233;3247;13;Rhône;Rhône
3233;3249;1;;Rhône
3233;3250;2;;Rhône
3234;3243;23;;
3234;3249;21;Rhône;Rhône
3235;3236;11;;
3235;3262;21;;
3235;3264;16;Tarn;
3236;3246;14;Dordogne;
3236;3262;9;;
3236;3263;5;;
3237;3238;13;;
3237;3239;18;;Loire
3237;3242;9;;
3237;3254;8;;Loire
3237;3272;20;Vienne;Loire
3238;3239;8;;
3238;3240;13;;
3238;3259;23;;
3238;3272;12;;
3239;3242;9;;
3239;3253;16;Loire;Loire
3239;3259;13;;
3239;3260;12;;
3240;3251;13;;
3240;3252;10;;
3240;3259;3;;
3241;3242;16;;
3241;3254;15;;
3241;3268;18;;
3242;3254;15;;
3242;3260;2;;
3242;3268;23;;
3243;3249;3;;Rhône
3244;3245;7;Marne;
3244;3248;16;Meuse;Meuse
3244;3255;13;;
3244;3266;17;;
3244;3269;12;;
3245;3255;23;Seine;Seine
3245;3275;8;;
3246;3258;22;;
3246;3263;22;Dordogne;
3247;3250;25;;Rhône
3247;3270;7;Sane;
3248;3269;23;;
3249;3250;6;;Rhône
3249;3261;17;Loire;Loire
3249;3264;7;;
3250;3251;14;;
3250;3252;4;;
3250;3261;14;Loire;Loire
3250;3270;11;Loire;Loire
3251;3252;25;;
3251;3261;15;;
3251;3262;16;;
3252;3259;17;;
3252;3265;13;;
3252;3270;15;Loire;Loire
3253;3259;12;Loire;Loire
3253;3260;12;;
3253;3265;1;;Loire
3253;3273;15;;
3253;3274;6;;
3253;3275;14;;
3254;3271;17;;
3254;3272;5;;Loire
3255;3266;8;Seine;Seine
3255;3273;23;;
3255;3275;5;Seine;Seine
3256;3257;14;Seine;Seine
3256;3267;17;;
3256;3275;10;Seine;Seine
3257;3260;16;;
3257;3274;11;Seine;Seine
3257;3275;1;;Seine
3258;3271;9;;
3258;3272;11;Vienne;
3259;3265;18;Loire;Loire
3260;3268;15;;
3260;3274;4;;
3261;3262;11;;
3261;3264;13;;Loire
3262;3264;12;;
3265;3266;3;;
3265;3270;22;Loire;Loire
3265;3273;29;Yonne;Loire
3266;3269;11;;
3266;3270;23;Doubs;
3266;3273;14;;
3267;3275;10;Marne;
3271;3272;24;;
3273;3275;11;Seine;Seine
3274;3275;13;Seine;Seine
3276;3277;12;;
3277;3278;3;;
3281;3288;27;;
3282;3283;18;;
3282;3285;36;;
3283;3285;25;;Guadalquivir
3284;3286;25;;Tagus
3284;3287;6;;
3286;3287;23;;
3287;3288;23;;
3289;3290;35;;
3292;3293;9;;
3293;3294;6;;
3306;3307;2;;
3319;3320;3;;
3320;3321;10;;
3331;3332;2;;
